date,sex,vaccination_status,entries,sumTotal,pop,inz_entries,inzsumTotal,geoRegion,type,type_variant,vaccine,data_completeness,version
202104,female,fully_vaccinated,0,0,8805,0,NA,CHFL,COVID19Hosp,vaccine,all,limited,2021-11-03_07-53-32
202104,female,partially_vaccinated,1,1,157562,0.63,NA,CHFL,COVID19Hosp,vaccine,all,limited,2021-11-03_07-53-32
202104,female,not_vaccinated,27,27,4221021,0.64,NA,CHFL,COVID19Hosp,vaccine,all,limited,2021-11-03_07-53-32
202104,female,unknown,107,107,NA,NA,NA,CHFL,COVID19Hosp,vaccine,all,limited,2021-11-03_07-53-32
202104,male,fully_vaccinated,0,0,6551,0,NA,CHFL,COVID19Hosp,vaccine,all,limited,2021-11-03_07-53-32
202104,male,partially_vaccinated,1,1,120137,0.83,NA,CHFL,COVID19Hosp,vaccine,all,limited,2021-11-03_07-53-32
202104,male,not_vaccinated,30,30,4195279,0.72,NA,CHFL,COVID19Hosp,vaccine,all,limited,2021-11-03_07-53-32
202104,male,unknown,136,136,NA,NA,NA,CHFL,COVID19Hosp,vaccine,all,limited,2021-11-03_07-53-32
202104,unknown,fully_vaccinated,0,0,0,NA,NA,CHFL,COVID19Hosp,vaccine,all,limited,2021-11-03_07-53-32
202104,unknown,partially_vaccinated,0,0,32,0,NA,CHFL,COVID19Hosp,vaccine,all,limited,2021-11-03_07-53-32
202104,unknown,not_vaccinated,0,0,NA,NA,NA,CHFL,COVID19Hosp,vaccine,all,limited,2021-11-03_07-53-32
202104,unknown,unknown,0,0,NA,NA,NA,CHFL,COVID19Hosp,vaccine,all,limited,2021-11-03_07-53-32
202105,female,fully_vaccinated,0,0,28206,0,NA,CHFL,COVID19Hosp,vaccine,all,limited,2021-11-03_07-53-32
202105,female,partially_vaccinated,4,5,175939,2.27,NA,CHFL,COVID19Hosp,vaccine,all,limited,2021-11-03_07-53-32
202105,female,not_vaccinated,54,81,4183243,1.29,NA,CHFL,COVID19Hosp,vaccine,all,limited,2021-11-03_07-53-32
202105,female,unknown,143,250,NA,NA,NA,CHFL,COVID19Hosp,vaccine,all,limited,2021-11-03_07-53-32
202105,male,fully_vaccinated,0,0,18636,0,NA,CHFL,COVID19Hosp,vaccine,all,limited,2021-11-03_07-53-32
202105,male,partially_vaccinated,3,4,138737,2.16,NA,CHFL,COVID19Hosp,vaccine,all,limited,2021-11-03_07-53-32
202105,male,not_vaccinated,64,94,4164594,1.54,NA,CHFL,COVID19Hosp,vaccine,all,limited,2021-11-03_07-53-32
202105,male,unknown,157,293,NA,NA,NA,CHFL,COVID19Hosp,vaccine,all,limited,2021-11-03_07-53-32
202105,unknown,fully_vaccinated,0,0,0,NA,NA,CHFL,COVID19Hosp,vaccine,all,limited,2021-11-03_07-53-32
202105,unknown,partially_vaccinated,0,0,40,0,NA,CHFL,COVID19Hosp,vaccine,all,limited,2021-11-03_07-53-32
202105,unknown,not_vaccinated,0,0,NA,NA,NA,CHFL,COVID19Hosp,vaccine,all,limited,2021-11-03_07-53-32
202105,unknown,unknown,1,1,NA,NA,NA,CHFL,COVID19Hosp,vaccine,all,limited,2021-11-03_07-53-32
202106,female,fully_vaccinated,2,2,60991,3.28,NA,CHFL,COVID19Hosp,vaccine,all,limited,2021-11-03_07-53-32
202106,female,partially_vaccinated,2,7,188698,1.06,NA,CHFL,COVID19Hosp,vaccine,all,limited,2021-11-03_07-53-32
202106,female,not_vaccinated,49,130,4137699,1.18,NA,CHFL,COVID19Hosp,vaccine,all,limited,2021-11-03_07-53-32
202106,female,unknown,98,348,NA,NA,NA,CHFL,COVID19Hosp,vaccine,all,limited,2021-11-03_07-53-32
202106,male,fully_vaccinated,1,1,42155,2.37,NA,CHFL,COVID19Hosp,vaccine,all,limited,2021-11-03_07-53-32
202106,male,partially_vaccinated,2,6,147301,1.36,NA,CHFL,COVID19Hosp,vaccine,all,limited,2021-11-03_07-53-32
202106,male,not_vaccinated,61,155,4132511,1.48,NA,CHFL,COVID19Hosp,vaccine,all,limited,2021-11-03_07-53-32
202106,male,unknown,115,408,NA,NA,NA,CHFL,COVID19Hosp,vaccine,all,limited,2021-11-03_07-53-32
202106,unknown,fully_vaccinated,0,0,4,0,NA,CHFL,COVID19Hosp,vaccine,all,limited,2021-11-03_07-53-32
202106,unknown,partially_vaccinated,0,0,53,0,NA,CHFL,COVID19Hosp,vaccine,all,limited,2021-11-03_07-53-32
202106,unknown,not_vaccinated,0,0,NA,NA,NA,CHFL,COVID19Hosp,vaccine,all,limited,2021-11-03_07-53-32
202106,unknown,unknown,0,1,NA,NA,NA,CHFL,COVID19Hosp,vaccine,all,limited,2021-11-03_07-53-32
202107,female,fully_vaccinated,3,5,100378,2.99,NA,CHFL,COVID19Hosp,vaccine,all,limited,2021-11-03_07-53-32
202107,female,partially_vaccinated,4,11,183125,2.18,NA,CHFL,COVID19Hosp,vaccine,all,limited,2021-11-03_07-53-32
202107,female,not_vaccinated,40,170,4103885,0.97,NA,CHFL,COVID19Hosp,vaccine,all,limited,2021-11-03_07-53-32
202107,female,unknown,86,434,NA,NA,NA,CHFL,COVID19Hosp,vaccine,all,limited,2021-11-03_07-53-32
202107,male,fully_vaccinated,3,4,75042,4,NA,CHFL,COVID19Hosp,vaccine,all,limited,2021-11-03_07-53-32
202107,male,partially_vaccinated,6,12,139272,4.31,NA,CHFL,COVID19Hosp,vaccine,all,limited,2021-11-03_07-53-32
202107,male,not_vaccinated,69,224,4107653,1.68,NA,CHFL,COVID19Hosp,vaccine,all,limited,2021-11-03_07-53-32
202107,male,unknown,102,510,NA,NA,NA,CHFL,COVID19Hosp,vaccine,all,limited,2021-11-03_07-53-32
202107,unknown,fully_vaccinated,0,0,11,0,NA,CHFL,COVID19Hosp,vaccine,all,limited,2021-11-03_07-53-32
202107,unknown,partially_vaccinated,0,0,57,0,NA,CHFL,COVID19Hosp,vaccine,all,limited,2021-11-03_07-53-32
202107,unknown,not_vaccinated,0,0,NA,NA,NA,CHFL,COVID19Hosp,vaccine,all,limited,2021-11-03_07-53-32
202107,unknown,unknown,0,1,NA,NA,NA,CHFL,COVID19Hosp,vaccine,all,limited,2021-11-03_07-53-32
202108,female,fully_vaccinated,3,8,150135,2,NA,CHFL,COVID19Hosp,vaccine,all,limited,2021-11-03_07-53-32
202108,female,partially_vaccinated,5,16,161272,3.1,NA,CHFL,COVID19Hosp,vaccine,all,limited,2021-11-03_07-53-32
202108,female,not_vaccinated,44,214,4075981,1.08,NA,CHFL,COVID19Hosp,vaccine,all,limited,2021-11-03_07-53-32
202108,female,unknown,92,526,NA,NA,NA,CHFL,COVID19Hosp,vaccine,all,limited,2021-11-03_07-53-32
202108,male,fully_vaccinated,3,7,115227,2.6,NA,CHFL,COVID19Hosp,vaccine,all,limited,2021-11-03_07-53-32
202108,male,partially_vaccinated,1,13,119768,0.83,NA,CHFL,COVID19Hosp,vaccine,all,limited,2021-11-03_07-53-32
202108,male,not_vaccinated,55,279,4086972,1.35,NA,CHFL,COVID19Hosp,vaccine,all,limited,2021-11-03_07-53-32
202108,male,unknown,90,600,NA,NA,NA,CHFL,COVID19Hosp,vaccine,all,limited,2021-11-03_07-53-32
202108,unknown,fully_vaccinated,0,0,24,0,NA,CHFL,COVID19Hosp,vaccine,all,limited,2021-11-03_07-53-32
202108,unknown,partially_vaccinated,0,0,47,0,NA,CHFL,COVID19Hosp,vaccine,all,limited,2021-11-03_07-53-32
202108,unknown,not_vaccinated,0,0,NA,NA,NA,CHFL,COVID19Hosp,vaccine,all,limited,2021-11-03_07-53-32
202108,unknown,unknown,0,1,NA,NA,NA,CHFL,COVID19Hosp,vaccine,all,limited,2021-11-03_07-53-32
202109,female,fully_vaccinated,1,9,193610,0.52,NA,CHFL,COVID19Hosp,vaccine,all,limited,2021-11-03_07-53-32
202109,female,partially_vaccinated,3,19,159428,1.88,NA,CHFL,COVID19Hosp,vaccine,all,limited,2021-11-03_07-53-32
202109,female,not_vaccinated,65,279,4034350,1.61,NA,CHFL,COVID19Hosp,vaccine,all,limited,2021-11-03_07-53-32
202109,female,unknown,75,601,NA,NA,NA,CHFL,COVID19Hosp,vaccine,all,limited,2021-11-03_07-53-32
202109,male,fully_vaccinated,5,12,148491,3.37,NA,CHFL,COVID19Hosp,vaccine,all,limited,2021-11-03_07-53-32
202109,male,partially_vaccinated,4,17,120053,3.33,NA,CHFL,COVID19Hosp,vaccine,all,limited,2021-11-03_07-53-32
202109,male,not_vaccinated,78,357,4053423,1.92,NA,CHFL,COVID19Hosp,vaccine,all,limited,2021-11-03_07-53-32
202109,male,unknown,111,711,NA,NA,NA,CHFL,COVID19Hosp,vaccine,all,limited,2021-11-03_07-53-32
202109,unknown,fully_vaccinated,0,0,36,0,NA,CHFL,COVID19Hosp,vaccine,all,limited,2021-11-03_07-53-32
202109,unknown,partially_vaccinated,0,0,41,0,NA,CHFL,COVID19Hosp,vaccine,all,limited,2021-11-03_07-53-32
202109,unknown,not_vaccinated,0,0,NA,NA,NA,CHFL,COVID19Hosp,vaccine,all,limited,2021-11-03_07-53-32
202109,unknown,unknown,0,1,NA,NA,NA,CHFL,COVID19Hosp,vaccine,all,limited,2021-11-03_07-53-32
202110,female,fully_vaccinated,3,12,229276,1.31,NA,CHFL,COVID19Hosp,vaccine,all,limited,2021-11-03_07-53-32
202110,female,partially_vaccinated,6,25,174390,3.44,NA,CHFL,COVID19Hosp,vaccine,all,limited,2021-11-03_07-53-32
202110,female,not_vaccinated,70,349,3983722,1.76,NA,CHFL,COVID19Hosp,vaccine,all,limited,2021-11-03_07-53-32
202110,female,unknown,100,701,NA,NA,NA,CHFL,COVID19Hosp,vaccine,all,limited,2021-11-03_07-53-32
202110,male,fully_vaccinated,2,14,175051,1.14,NA,CHFL,COVID19Hosp,vaccine,all,limited,2021-11-03_07-53-32
202110,male,partially_vaccinated,2,19,132876,1.51,NA,CHFL,COVID19Hosp,vaccine,all,limited,2021-11-03_07-53-32
202110,male,not_vaccinated,65,422,4014040,1.62,NA,CHFL,COVID19Hosp,vaccine,all,limited,2021-11-03_07-53-32
202110,male,unknown,110,821,NA,NA,NA,CHFL,COVID19Hosp,vaccine,all,limited,2021-11-03_07-53-32
202110,unknown,fully_vaccinated,0,0,45,0,NA,CHFL,COVID19Hosp,vaccine,all,limited,2021-11-03_07-53-32
202110,unknown,partially_vaccinated,0,0,41,0,NA,CHFL,COVID19Hosp,vaccine,all,limited,2021-11-03_07-53-32
202110,unknown,not_vaccinated,0,0,NA,NA,NA,CHFL,COVID19Hosp,vaccine,all,limited,2021-11-03_07-53-32
202110,unknown,unknown,0,1,NA,NA,NA,CHFL,COVID19Hosp,vaccine,all,limited,2021-11-03_07-53-32
202111,female,fully_vaccinated,5,17,273134,1.83,NA,CHFL,COVID19Hosp,vaccine,all,limited,2021-11-03_07-53-32
202111,female,partially_vaccinated,1,26,172828,0.58,NA,CHFL,COVID19Hosp,vaccine,all,limited,2021-11-03_07-53-32
202111,female,not_vaccinated,69,418,3941426,1.75,NA,CHFL,COVID19Hosp,vaccine,all,limited,2021-11-03_07-53-32
202111,female,unknown,110,811,NA,NA,NA,CHFL,COVID19Hosp,vaccine,all,limited,2021-11-03_07-53-32
202111,male,fully_vaccinated,5,19,204962,2.44,NA,CHFL,COVID19Hosp,vaccine,all,limited,2021-11-03_07-53-32
202111,male,partially_vaccinated,12,31,138346,8.67,NA,CHFL,COVID19Hosp,vaccine,all,limited,2021-11-03_07-53-32
202111,male,not_vaccinated,89,511,3978659,2.24,NA,CHFL,COVID19Hosp,vaccine,all,limited,2021-11-03_07-53-32
202111,male,unknown,121,942,NA,NA,NA,CHFL,COVID19Hosp,vaccine,all,limited,2021-11-03_07-53-32
202111,unknown,fully_vaccinated,0,0,63,0,NA,CHFL,COVID19Hosp,vaccine,all,limited,2021-11-03_07-53-32
202111,unknown,partially_vaccinated,0,0,73,0,NA,CHFL,COVID19Hosp,vaccine,all,limited,2021-11-03_07-53-32
202111,unknown,not_vaccinated,0,0,NA,NA,NA,CHFL,COVID19Hosp,vaccine,all,limited,2021-11-03_07-53-32
202111,unknown,unknown,0,1,NA,NA,NA,CHFL,COVID19Hosp,vaccine,all,limited,2021-11-03_07-53-32
202112,female,fully_vaccinated,2,19,312321,0.64,NA,CHFL,COVID19Hosp,vaccine,all,limited,2021-11-03_07-53-32
202112,female,partially_vaccinated,2,28,195143,1.02,NA,CHFL,COVID19Hosp,vaccine,all,limited,2021-11-03_07-53-32
202112,female,not_vaccinated,97,515,3879924,2.5,NA,CHFL,COVID19Hosp,vaccine,all,limited,2021-11-03_07-53-32
202112,female,unknown,110,921,NA,NA,NA,CHFL,COVID19Hosp,vaccine,all,limited,2021-11-03_07-53-32
202112,male,fully_vaccinated,4,23,235199,1.7,NA,CHFL,COVID19Hosp,vaccine,all,limited,2021-11-03_07-53-32
202112,male,partially_vaccinated,2,33,160268,1.25,NA,CHFL,COVID19Hosp,vaccine,all,limited,2021-11-03_07-53-32
202112,male,not_vaccinated,125,636,3926500,3.18,NA,CHFL,COVID19Hosp,vaccine,all,limited,2021-11-03_07-53-32
202112,male,unknown,126,1068,NA,NA,NA,CHFL,COVID19Hosp,vaccine,all,limited,2021-11-03_07-53-32
202112,unknown,fully_vaccinated,0,0,68,0,NA,CHFL,COVID19Hosp,vaccine,all,limited,2021-11-03_07-53-32
202112,unknown,partially_vaccinated,0,0,83,0,NA,CHFL,COVID19Hosp,vaccine,all,limited,2021-11-03_07-53-32
202112,unknown,not_vaccinated,0,0,NA,NA,NA,CHFL,COVID19Hosp,vaccine,all,limited,2021-11-03_07-53-32
202112,unknown,unknown,0,1,NA,NA,NA,CHFL,COVID19Hosp,vaccine,all,limited,2021-11-03_07-53-32
202113,female,fully_vaccinated,4,23,349191,1.15,NA,CHFL,COVID19Hosp,vaccine,all,limited,2021-11-03_07-53-32
202113,female,partially_vaccinated,1,29,217963,0.46,NA,CHFL,COVID19Hosp,vaccine,all,limited,2021-11-03_07-53-32
202113,female,not_vaccinated,92,607,3820234,2.41,NA,CHFL,COVID19Hosp,vaccine,all,limited,2021-11-03_07-53-32
202113,female,unknown,132,1053,NA,NA,NA,CHFL,COVID19Hosp,vaccine,all,limited,2021-11-03_07-53-32
202113,male,fully_vaccinated,10,33,264934,3.77,NA,CHFL,COVID19Hosp,vaccine,all,limited,2021-11-03_07-53-32
202113,male,partially_vaccinated,9,42,180083,5,NA,CHFL,COVID19Hosp,vaccine,all,limited,2021-11-03_07-53-32
202113,male,not_vaccinated,142,778,3876950,3.66,NA,CHFL,COVID19Hosp,vaccine,all,limited,2021-11-03_07-53-32
202113,male,unknown,157,1225,NA,NA,NA,CHFL,COVID19Hosp,vaccine,all,limited,2021-11-03_07-53-32
202113,unknown,fully_vaccinated,0,0,73,0,NA,CHFL,COVID19Hosp,vaccine,all,limited,2021-11-03_07-53-32
202113,unknown,partially_vaccinated,0,0,94,0,NA,CHFL,COVID19Hosp,vaccine,all,limited,2021-11-03_07-53-32
202113,unknown,not_vaccinated,0,0,NA,NA,NA,CHFL,COVID19Hosp,vaccine,all,limited,2021-11-03_07-53-32
202113,unknown,unknown,0,1,NA,NA,NA,CHFL,COVID19Hosp,vaccine,all,limited,2021-11-03_07-53-32
202114,female,fully_vaccinated,6,29,398070,1.51,NA,CHFL,COVID19Hosp,vaccine,all,limited,2021-11-03_07-53-32
202114,female,partially_vaccinated,8,37,235592,3.4,NA,CHFL,COVID19Hosp,vaccine,all,limited,2021-11-03_07-53-32
202114,female,not_vaccinated,90,697,3753726,2.4,NA,CHFL,COVID19Hosp,vaccine,all,limited,2021-11-03_07-53-32
202114,female,unknown,107,1160,NA,NA,NA,CHFL,COVID19Hosp,vaccine,all,limited,2021-11-03_07-53-32
202114,male,fully_vaccinated,9,42,303757,2.96,NA,CHFL,COVID19Hosp,vaccine,all,limited,2021-11-03_07-53-32
202114,male,partially_vaccinated,7,49,199045,3.52,NA,CHFL,COVID19Hosp,vaccine,all,limited,2021-11-03_07-53-32
202114,male,not_vaccinated,124,902,3819165,3.25,NA,CHFL,COVID19Hosp,vaccine,all,limited,2021-11-03_07-53-32
202114,male,unknown,160,1385,NA,NA,NA,CHFL,COVID19Hosp,vaccine,all,limited,2021-11-03_07-53-32
202114,unknown,fully_vaccinated,0,0,82,0,NA,CHFL,COVID19Hosp,vaccine,all,limited,2021-11-03_07-53-32
202114,unknown,partially_vaccinated,0,0,114,0,NA,CHFL,COVID19Hosp,vaccine,all,limited,2021-11-03_07-53-32
202114,unknown,not_vaccinated,0,0,NA,NA,NA,CHFL,COVID19Hosp,vaccine,all,limited,2021-11-03_07-53-32
202114,unknown,unknown,1,2,NA,NA,NA,CHFL,COVID19Hosp,vaccine,all,limited,2021-11-03_07-53-32
202115,female,fully_vaccinated,8,37,444614,1.8,NA,CHFL,COVID19Hosp,vaccine,all,limited,2021-11-03_07-53-32
202115,female,partially_vaccinated,3,40,302878,0.99,NA,CHFL,COVID19Hosp,vaccine,all,limited,2021-11-03_07-53-32
202115,female,not_vaccinated,119,816,3639896,3.27,NA,CHFL,COVID19Hosp,vaccine,all,limited,2021-11-03_07-53-32
202115,female,unknown,82,1242,NA,NA,NA,CHFL,COVID19Hosp,vaccine,all,limited,2021-11-03_07-53-32
202115,male,fully_vaccinated,9,51,342480,2.63,NA,CHFL,COVID19Hosp,vaccine,all,limited,2021-11-03_07-53-32
202115,male,partially_vaccinated,6,55,259378,2.31,NA,CHFL,COVID19Hosp,vaccine,all,limited,2021-11-03_07-53-32
202115,male,not_vaccinated,152,1054,3720109,4.09,NA,CHFL,COVID19Hosp,vaccine,all,limited,2021-11-03_07-53-32
202115,male,unknown,117,1502,NA,NA,NA,CHFL,COVID19Hosp,vaccine,all,limited,2021-11-03_07-53-32
202115,unknown,fully_vaccinated,0,0,129,0,NA,CHFL,COVID19Hosp,vaccine,all,limited,2021-11-03_07-53-32
202115,unknown,partially_vaccinated,0,0,111,0,NA,CHFL,COVID19Hosp,vaccine,all,limited,2021-11-03_07-53-32
202115,unknown,not_vaccinated,0,0,NA,NA,NA,CHFL,COVID19Hosp,vaccine,all,limited,2021-11-03_07-53-32
202115,unknown,unknown,0,2,NA,NA,NA,CHFL,COVID19Hosp,vaccine,all,limited,2021-11-03_07-53-32
202116,female,fully_vaccinated,2,39,504268,0.4,NA,CHFL,COVID19Hosp,vaccine,all,limited,2021-11-03_07-53-32
202116,female,partially_vaccinated,6,46,381633,1.57,NA,CHFL,COVID19Hosp,vaccine,all,limited,2021-11-03_07-53-32
202116,female,not_vaccinated,109,925,3501487,3.11,NA,CHFL,COVID19Hosp,vaccine,all,limited,2021-11-03_07-53-32
202116,female,unknown,91,1333,NA,NA,NA,CHFL,COVID19Hosp,vaccine,all,limited,2021-11-03_07-53-32
202116,male,fully_vaccinated,12,63,393461,3.05,NA,CHFL,COVID19Hosp,vaccine,all,limited,2021-11-03_07-53-32
202116,male,partially_vaccinated,6,61,331372,1.81,NA,CHFL,COVID19Hosp,vaccine,all,limited,2021-11-03_07-53-32
202116,male,not_vaccinated,145,1199,3597134,4.03,NA,CHFL,COVID19Hosp,vaccine,all,limited,2021-11-03_07-53-32
202116,male,unknown,120,1622,NA,NA,NA,CHFL,COVID19Hosp,vaccine,all,limited,2021-11-03_07-53-32
202116,unknown,fully_vaccinated,0,0,143,0,NA,CHFL,COVID19Hosp,vaccine,all,limited,2021-11-03_07-53-32
202116,unknown,partially_vaccinated,0,0,157,0,NA,CHFL,COVID19Hosp,vaccine,all,limited,2021-11-03_07-53-32
202116,unknown,not_vaccinated,0,0,NA,NA,NA,CHFL,COVID19Hosp,vaccine,all,limited,2021-11-03_07-53-32
202116,unknown,unknown,0,2,NA,NA,NA,CHFL,COVID19Hosp,vaccine,all,limited,2021-11-03_07-53-32
202117,female,fully_vaccinated,10,49,563271,1.78,NA,CHFL,COVID19Hosp,vaccine,all,limited,2021-11-03_07-53-32
202117,female,partially_vaccinated,5,51,473598,1.06,NA,CHFL,COVID19Hosp,vaccine,all,limited,2021-11-03_07-53-32
202117,female,not_vaccinated,99,1024,3350519,2.95,NA,CHFL,COVID19Hosp,vaccine,all,limited,2021-11-03_07-53-32
202117,female,unknown,92,1425,NA,NA,NA,CHFL,COVID19Hosp,vaccine,all,limited,2021-11-03_07-53-32
202117,male,fully_vaccinated,6,69,442746,1.36,NA,CHFL,COVID19Hosp,vaccine,all,limited,2021-11-03_07-53-32
202117,male,partially_vaccinated,10,71,418138,2.39,NA,CHFL,COVID19Hosp,vaccine,all,limited,2021-11-03_07-53-32
202117,male,not_vaccinated,142,1341,3461083,4.1,NA,CHFL,COVID19Hosp,vaccine,all,limited,2021-11-03_07-53-32
202117,male,unknown,100,1722,NA,NA,NA,CHFL,COVID19Hosp,vaccine,all,limited,2021-11-03_07-53-32
202117,unknown,fully_vaccinated,0,0,157,0,NA,CHFL,COVID19Hosp,vaccine,all,limited,2021-11-03_07-53-32
202117,unknown,partially_vaccinated,0,0,208,0,NA,CHFL,COVID19Hosp,vaccine,all,limited,2021-11-03_07-53-32
202117,unknown,not_vaccinated,0,0,NA,NA,NA,CHFL,COVID19Hosp,vaccine,all,limited,2021-11-03_07-53-32
202117,unknown,unknown,0,2,NA,NA,NA,CHFL,COVID19Hosp,vaccine,all,limited,2021-11-03_07-53-32
202118,female,fully_vaccinated,9,58,636802,1.41,NA,CHFL,COVID19Hosp,vaccine,all,limited,2021-11-03_07-53-32
202118,female,partially_vaccinated,4,55,570734,0.7,NA,CHFL,COVID19Hosp,vaccine,all,limited,2021-11-03_07-53-32
202118,female,not_vaccinated,76,1100,3179852,2.39,NA,CHFL,COVID19Hosp,vaccine,all,limited,2021-11-03_07-53-32
202118,female,unknown,61,1486,NA,NA,NA,CHFL,COVID19Hosp,vaccine,all,limited,2021-11-03_07-53-32
202118,male,fully_vaccinated,6,75,506186,1.19,NA,CHFL,COVID19Hosp,vaccine,all,limited,2021-11-03_07-53-32
202118,male,partially_vaccinated,10,81,508998,1.96,NA,CHFL,COVID19Hosp,vaccine,all,limited,2021-11-03_07-53-32
202118,male,not_vaccinated,101,1442,3306783,3.05,NA,CHFL,COVID19Hosp,vaccine,all,limited,2021-11-03_07-53-32
202118,male,unknown,69,1791,NA,NA,NA,CHFL,COVID19Hosp,vaccine,all,limited,2021-11-03_07-53-32
202118,unknown,fully_vaccinated,0,0,185,0,NA,CHFL,COVID19Hosp,vaccine,all,limited,2021-11-03_07-53-32
202118,unknown,partially_vaccinated,0,0,278,0,NA,CHFL,COVID19Hosp,vaccine,all,limited,2021-11-03_07-53-32
202118,unknown,not_vaccinated,0,0,NA,NA,NA,CHFL,COVID19Hosp,vaccine,all,limited,2021-11-03_07-53-32
202118,unknown,unknown,0,2,NA,NA,NA,CHFL,COVID19Hosp,vaccine,all,limited,2021-11-03_07-53-32
202119,female,fully_vaccinated,4,62,738495,0.54,NA,CHFL,COVID19Hosp,vaccine,all,limited,2021-11-03_07-53-32
202119,female,partially_vaccinated,6,61,612760,0.98,NA,CHFL,COVID19Hosp,vaccine,all,limited,2021-11-03_07-53-32
202119,female,not_vaccinated,60,1160,3036133,1.98,NA,CHFL,COVID19Hosp,vaccine,all,limited,2021-11-03_07-53-32
202119,female,unknown,42,1528,NA,NA,NA,CHFL,COVID19Hosp,vaccine,all,limited,2021-11-03_07-53-32
202119,male,fully_vaccinated,2,77,595921,0.34,NA,CHFL,COVID19Hosp,vaccine,all,limited,2021-11-03_07-53-32
202119,male,partially_vaccinated,4,85,563089,0.71,NA,CHFL,COVID19Hosp,vaccine,all,limited,2021-11-03_07-53-32
202119,male,not_vaccinated,61,1503,3162957,1.93,NA,CHFL,COVID19Hosp,vaccine,all,limited,2021-11-03_07-53-32
202119,male,unknown,58,1849,NA,NA,NA,CHFL,COVID19Hosp,vaccine,all,limited,2021-11-03_07-53-32
202119,unknown,fully_vaccinated,0,0,221,0,NA,CHFL,COVID19Hosp,vaccine,all,limited,2021-11-03_07-53-32
202119,unknown,partially_vaccinated,0,0,314,0,NA,CHFL,COVID19Hosp,vaccine,all,limited,2021-11-03_07-53-32
202119,unknown,not_vaccinated,0,0,NA,NA,NA,CHFL,COVID19Hosp,vaccine,all,limited,2021-11-03_07-53-32
202119,unknown,unknown,0,2,NA,NA,NA,CHFL,COVID19Hosp,vaccine,all,limited,2021-11-03_07-53-32
202120,female,fully_vaccinated,3,65,878514,0.34,NA,CHFL,COVID19Hosp,vaccine,all,limited,2021-11-03_07-53-32
202120,female,partially_vaccinated,8,69,631329,1.27,NA,CHFL,COVID19Hosp,vaccine,all,limited,2021-11-03_07-53-32
202120,female,not_vaccinated,70,1230,2877545,2.43,NA,CHFL,COVID19Hosp,vaccine,all,limited,2021-11-03_07-53-32
202120,female,unknown,44,1572,NA,NA,NA,CHFL,COVID19Hosp,vaccine,all,limited,2021-11-03_07-53-32
202120,male,fully_vaccinated,6,83,721209,0.83,NA,CHFL,COVID19Hosp,vaccine,all,limited,2021-11-03_07-53-32
202120,male,partially_vaccinated,3,88,598114,0.5,NA,CHFL,COVID19Hosp,vaccine,all,limited,2021-11-03_07-53-32
202120,male,not_vaccinated,74,1577,3002644,2.46,NA,CHFL,COVID19Hosp,vaccine,all,limited,2021-11-03_07-53-32
202120,male,unknown,44,1893,NA,NA,NA,CHFL,COVID19Hosp,vaccine,all,limited,2021-11-03_07-53-32
202120,unknown,fully_vaccinated,0,0,276,0,NA,CHFL,COVID19Hosp,vaccine,all,limited,2021-11-03_07-53-32
202120,unknown,partially_vaccinated,0,0,331,0,NA,CHFL,COVID19Hosp,vaccine,all,limited,2021-11-03_07-53-32
202120,unknown,not_vaccinated,0,0,NA,NA,NA,CHFL,COVID19Hosp,vaccine,all,limited,2021-11-03_07-53-32
202120,unknown,unknown,0,2,NA,NA,NA,CHFL,COVID19Hosp,vaccine,all,limited,2021-11-03_07-53-32
202121,female,fully_vaccinated,7,72,1023075,0.68,NA,CHFL,COVID19Hosp,vaccine,all,limited,2021-11-03_07-53-32
202121,female,partially_vaccinated,2,71,628172,0.32,NA,CHFL,COVID19Hosp,vaccine,all,limited,2021-11-03_07-53-32
202121,female,not_vaccinated,29,1259,2736141,1.06,NA,CHFL,COVID19Hosp,vaccine,all,limited,2021-11-03_07-53-32
202121,female,unknown,26,1598,NA,NA,NA,CHFL,COVID19Hosp,vaccine,all,limited,2021-11-03_07-53-32
202121,male,fully_vaccinated,6,89,851884,0.7,NA,CHFL,COVID19Hosp,vaccine,all,limited,2021-11-03_07-53-32
202121,male,partially_vaccinated,3,91,620377,0.48,NA,CHFL,COVID19Hosp,vaccine,all,limited,2021-11-03_07-53-32
202121,male,not_vaccinated,47,1624,2849706,1.65,NA,CHFL,COVID19Hosp,vaccine,all,limited,2021-11-03_07-53-32
202121,male,unknown,28,1921,NA,NA,NA,CHFL,COVID19Hosp,vaccine,all,limited,2021-11-03_07-53-32
202121,unknown,fully_vaccinated,0,0,341,0,NA,CHFL,COVID19Hosp,vaccine,all,limited,2021-11-03_07-53-32
202121,unknown,partially_vaccinated,0,0,361,0,NA,CHFL,COVID19Hosp,vaccine,all,limited,2021-11-03_07-53-32
202121,unknown,not_vaccinated,0,0,NA,NA,NA,CHFL,COVID19Hosp,vaccine,all,limited,2021-11-03_07-53-32
202121,unknown,unknown,0,2,NA,NA,NA,CHFL,COVID19Hosp,vaccine,all,limited,2021-11-03_07-53-32
202122,female,fully_vaccinated,3,75,1187505,0.25,NA,CHFL,COVID19Hosp,vaccine,all,limited,2021-11-03_07-53-32
202122,female,partially_vaccinated,2,73,626235,0.32,NA,CHFL,COVID19Hosp,vaccine,all,limited,2021-11-03_07-53-32
202122,female,not_vaccinated,28,1287,2573648,1.09,NA,CHFL,COVID19Hosp,vaccine,all,limited,2021-11-03_07-53-32
202122,female,unknown,23,1621,NA,NA,NA,CHFL,COVID19Hosp,vaccine,all,limited,2021-11-03_07-53-32
202122,male,fully_vaccinated,5,94,1000607,0.5,NA,CHFL,COVID19Hosp,vaccine,all,limited,2021-11-03_07-53-32
202122,male,partially_vaccinated,3,94,648681,0.46,NA,CHFL,COVID19Hosp,vaccine,all,limited,2021-11-03_07-53-32
202122,male,not_vaccinated,38,1662,2672679,1.42,NA,CHFL,COVID19Hosp,vaccine,all,limited,2021-11-03_07-53-32
202122,male,unknown,18,1939,NA,NA,NA,CHFL,COVID19Hosp,vaccine,all,limited,2021-11-03_07-53-32
202122,unknown,fully_vaccinated,0,0,430,0,NA,CHFL,COVID19Hosp,vaccine,all,limited,2021-11-03_07-53-32
202122,unknown,partially_vaccinated,0,0,382,0,NA,CHFL,COVID19Hosp,vaccine,all,limited,2021-11-03_07-53-32
202122,unknown,not_vaccinated,0,0,NA,NA,NA,CHFL,COVID19Hosp,vaccine,all,limited,2021-11-03_07-53-32
202122,unknown,unknown,0,2,NA,NA,NA,CHFL,COVID19Hosp,vaccine,all,limited,2021-11-03_07-53-32
202123,female,fully_vaccinated,3,78,1342911,0.22,NA,CHFL,COVID19Hosp,vaccine,all,limited,2021-11-03_07-53-32
202123,female,partially_vaccinated,0,73,640973,0,NA,CHFL,COVID19Hosp,vaccine,all,limited,2021-11-03_07-53-32
202123,female,not_vaccinated,16,1303,2403504,0.67,NA,CHFL,COVID19Hosp,vaccine,all,limited,2021-11-03_07-53-32
202123,female,unknown,10,1631,NA,NA,NA,CHFL,COVID19Hosp,vaccine,all,limited,2021-11-03_07-53-32
202123,male,fully_vaccinated,11,105,1152115,0.95,NA,CHFL,COVID19Hosp,vaccine,all,limited,2021-11-03_07-53-32
202123,male,partially_vaccinated,2,96,683746,0.29,NA,CHFL,COVID19Hosp,vaccine,all,limited,2021-11-03_07-53-32
202123,male,not_vaccinated,17,1679,2486106,0.68,NA,CHFL,COVID19Hosp,vaccine,all,limited,2021-11-03_07-53-32
202123,male,unknown,18,1957,NA,NA,NA,CHFL,COVID19Hosp,vaccine,all,limited,2021-11-03_07-53-32
202123,unknown,fully_vaccinated,0,0,493,0,NA,CHFL,COVID19Hosp,vaccine,all,limited,2021-11-03_07-53-32
202123,unknown,partially_vaccinated,0,0,463,0,NA,CHFL,COVID19Hosp,vaccine,all,limited,2021-11-03_07-53-32
202123,unknown,not_vaccinated,0,0,NA,NA,NA,CHFL,COVID19Hosp,vaccine,all,limited,2021-11-03_07-53-32
202123,unknown,unknown,0,2,NA,NA,NA,CHFL,COVID19Hosp,vaccine,all,limited,2021-11-03_07-53-32
202124,female,fully_vaccinated,1,79,1499003,0.07,NA,CHFL,COVID19Hosp,vaccine,all,limited,2021-11-03_07-53-32
202124,female,partially_vaccinated,0,73,631739,0,NA,CHFL,COVID19Hosp,vaccine,all,limited,2021-11-03_07-53-32
202124,female,not_vaccinated,8,1311,2256646,0.35,NA,CHFL,COVID19Hosp,vaccine,all,limited,2021-11-03_07-53-32
202124,female,unknown,8,1639,NA,NA,NA,CHFL,COVID19Hosp,vaccine,all,limited,2021-11-03_07-53-32
202124,male,fully_vaccinated,4,109,1310699,0.31,NA,CHFL,COVID19Hosp,vaccine,all,limited,2021-11-03_07-53-32
202124,male,partially_vaccinated,1,97,688757,0.15,NA,CHFL,COVID19Hosp,vaccine,all,limited,2021-11-03_07-53-32
202124,male,not_vaccinated,16,1695,2322511,0.69,NA,CHFL,COVID19Hosp,vaccine,all,limited,2021-11-03_07-53-32
202124,male,unknown,10,1967,NA,NA,NA,CHFL,COVID19Hosp,vaccine,all,limited,2021-11-03_07-53-32
202124,unknown,fully_vaccinated,0,0,575,0,NA,CHFL,COVID19Hosp,vaccine,all,limited,2021-11-03_07-53-32
202124,unknown,partially_vaccinated,0,0,559,0,NA,CHFL,COVID19Hosp,vaccine,all,limited,2021-11-03_07-53-32
202124,unknown,not_vaccinated,0,0,NA,NA,NA,CHFL,COVID19Hosp,vaccine,all,limited,2021-11-03_07-53-32
202124,unknown,unknown,0,2,NA,NA,NA,CHFL,COVID19Hosp,vaccine,all,limited,2021-11-03_07-53-32
202125,female,fully_vaccinated,3,82,1647116,0.18,NA,CHFL,COVID19Hosp,vaccine,all,limited,2021-11-03_07-53-32
202125,female,partially_vaccinated,0,73,593147,0,NA,CHFL,COVID19Hosp,vaccine,all,limited,2021-11-03_07-53-32
202125,female,not_vaccinated,2,1313,2147125,0.09,NA,CHFL,COVID19Hosp,vaccine,all,limited,2021-11-03_07-53-32
202125,female,unknown,6,1645,NA,NA,NA,CHFL,COVID19Hosp,vaccine,all,limited,2021-11-03_07-53-32
202125,male,fully_vaccinated,0,109,1470611,0,NA,CHFL,COVID19Hosp,vaccine,all,limited,2021-11-03_07-53-32
202125,male,partially_vaccinated,1,98,651495,0.15,NA,CHFL,COVID19Hosp,vaccine,all,limited,2021-11-03_07-53-32
202125,male,not_vaccinated,9,1704,2199861,0.41,NA,CHFL,COVID19Hosp,vaccine,all,limited,2021-11-03_07-53-32
202125,male,unknown,8,1975,NA,NA,NA,CHFL,COVID19Hosp,vaccine,all,limited,2021-11-03_07-53-32
202125,unknown,fully_vaccinated,0,0,674,0,NA,CHFL,COVID19Hosp,vaccine,all,limited,2021-11-03_07-53-32
202125,unknown,partially_vaccinated,0,0,624,0,NA,CHFL,COVID19Hosp,vaccine,all,limited,2021-11-03_07-53-32
202125,unknown,not_vaccinated,0,0,NA,NA,NA,CHFL,COVID19Hosp,vaccine,all,limited,2021-11-03_07-53-32
202125,unknown,unknown,0,2,NA,NA,NA,CHFL,COVID19Hosp,vaccine,all,limited,2021-11-03_07-53-32
202126,female,fully_vaccinated,2,84,1806880,0.11,NA,CHFL,COVID19Hosp,vaccine,all,intermediate,2021-11-03_07-53-32
202126,female,partially_vaccinated,1,74,495462,0.2,NA,CHFL,COVID19Hosp,vaccine,all,intermediate,2021-11-03_07-53-32
202126,female,not_vaccinated,3,1316,2085046,0.14,NA,CHFL,COVID19Hosp,vaccine,all,intermediate,2021-11-03_07-53-32
202126,female,unknown,2,1647,NA,NA,NA,CHFL,COVID19Hosp,vaccine,all,intermediate,2021-11-03_07-53-32
202126,male,fully_vaccinated,1,110,1644995,0.06,NA,CHFL,COVID19Hosp,vaccine,all,intermediate,2021-11-03_07-53-32
202126,male,partially_vaccinated,0,98,543344,0,NA,CHFL,COVID19Hosp,vaccine,all,intermediate,2021-11-03_07-53-32
202126,male,not_vaccinated,2,1706,2133628,0.09,NA,CHFL,COVID19Hosp,vaccine,all,intermediate,2021-11-03_07-53-32
202126,male,unknown,6,1981,NA,NA,NA,CHFL,COVID19Hosp,vaccine,all,intermediate,2021-11-03_07-53-32
202126,unknown,fully_vaccinated,0,0,780,0,NA,CHFL,COVID19Hosp,vaccine,all,intermediate,2021-11-03_07-53-32
202126,unknown,partially_vaccinated,0,0,597,0,NA,CHFL,COVID19Hosp,vaccine,all,intermediate,2021-11-03_07-53-32
202126,unknown,not_vaccinated,0,0,NA,NA,NA,CHFL,COVID19Hosp,vaccine,all,intermediate,2021-11-03_07-53-32
202126,unknown,unknown,0,2,NA,NA,NA,CHFL,COVID19Hosp,vaccine,all,intermediate,2021-11-03_07-53-32
202127,female,fully_vaccinated,0,84,1966963,0,NA,CHFL,COVID19Hosp,vaccine,all,intermediate,2021-11-03_07-53-32
202127,female,partially_vaccinated,0,74,377654,0,NA,CHFL,COVID19Hosp,vaccine,all,intermediate,2021-11-03_07-53-32
202127,female,not_vaccinated,9,1325,2042771,0.44,NA,CHFL,COVID19Hosp,vaccine,all,intermediate,2021-11-03_07-53-32
202127,female,unknown,3,1650,NA,NA,NA,CHFL,COVID19Hosp,vaccine,all,intermediate,2021-11-03_07-53-32
202127,male,fully_vaccinated,0,110,1820881,0,NA,CHFL,COVID19Hosp,vaccine,all,intermediate,2021-11-03_07-53-32
202127,male,partially_vaccinated,0,98,412238,0,NA,CHFL,COVID19Hosp,vaccine,all,intermediate,2021-11-03_07-53-32
202127,male,not_vaccinated,12,1718,2088848,0.57,NA,CHFL,COVID19Hosp,vaccine,all,intermediate,2021-11-03_07-53-32
202127,male,unknown,4,1985,NA,NA,NA,CHFL,COVID19Hosp,vaccine,all,intermediate,2021-11-03_07-53-32
202127,unknown,fully_vaccinated,0,0,907,0,NA,CHFL,COVID19Hosp,vaccine,all,intermediate,2021-11-03_07-53-32
202127,unknown,partially_vaccinated,0,0,520,0,NA,CHFL,COVID19Hosp,vaccine,all,intermediate,2021-11-03_07-53-32
202127,unknown,not_vaccinated,0,0,NA,NA,NA,CHFL,COVID19Hosp,vaccine,all,intermediate,2021-11-03_07-53-32
202127,unknown,unknown,0,2,NA,NA,NA,CHFL,COVID19Hosp,vaccine,all,intermediate,2021-11-03_07-53-32
202128,female,fully_vaccinated,1,85,2106805,0.05,NA,CHFL,COVID19Hosp,vaccine,all,intermediate,2021-11-03_07-53-32
202128,female,partially_vaccinated,1,75,274667,0.36,NA,CHFL,COVID19Hosp,vaccine,all,intermediate,2021-11-03_07-53-32
202128,female,not_vaccinated,23,1348,2005916,1.15,NA,CHFL,COVID19Hosp,vaccine,all,intermediate,2021-11-03_07-53-32
202128,female,unknown,7,1657,NA,NA,NA,CHFL,COVID19Hosp,vaccine,all,intermediate,2021-11-03_07-53-32
202128,male,fully_vaccinated,6,116,1977665,0.3,NA,CHFL,COVID19Hosp,vaccine,all,intermediate,2021-11-03_07-53-32
202128,male,partially_vaccinated,0,98,293689,0,NA,CHFL,COVID19Hosp,vaccine,all,intermediate,2021-11-03_07-53-32
202128,male,not_vaccinated,21,1739,2050613,1.02,NA,CHFL,COVID19Hosp,vaccine,all,intermediate,2021-11-03_07-53-32
202128,male,unknown,3,1988,NA,NA,NA,CHFL,COVID19Hosp,vaccine,all,intermediate,2021-11-03_07-53-32
202128,unknown,fully_vaccinated,0,0,1069,0,NA,CHFL,COVID19Hosp,vaccine,all,intermediate,2021-11-03_07-53-32
202128,unknown,partially_vaccinated,0,0,394,0,NA,CHFL,COVID19Hosp,vaccine,all,intermediate,2021-11-03_07-53-32
202128,unknown,not_vaccinated,0,0,NA,NA,NA,CHFL,COVID19Hosp,vaccine,all,intermediate,2021-11-03_07-53-32
202128,unknown,unknown,0,2,NA,NA,NA,CHFL,COVID19Hosp,vaccine,all,intermediate,2021-11-03_07-53-32
202129,female,fully_vaccinated,6,91,2213939,0.27,NA,CHFL,COVID19Hosp,vaccine,all,intermediate,2021-11-03_07-53-32
202129,female,partially_vaccinated,0,75,202511,0,NA,CHFL,COVID19Hosp,vaccine,all,intermediate,2021-11-03_07-53-32
202129,female,not_vaccinated,23,1371,1970938,1.17,NA,CHFL,COVID19Hosp,vaccine,all,intermediate,2021-11-03_07-53-32
202129,female,unknown,7,1664,NA,NA,NA,CHFL,COVID19Hosp,vaccine,all,intermediate,2021-11-03_07-53-32
202129,male,fully_vaccinated,9,125,2098976,0.43,NA,CHFL,COVID19Hosp,vaccine,all,intermediate,2021-11-03_07-53-32
202129,male,partially_vaccinated,0,98,208524,0,NA,CHFL,COVID19Hosp,vaccine,all,intermediate,2021-11-03_07-53-32
202129,male,not_vaccinated,32,1771,2014467,1.59,NA,CHFL,COVID19Hosp,vaccine,all,intermediate,2021-11-03_07-53-32
202129,male,unknown,10,1998,NA,NA,NA,CHFL,COVID19Hosp,vaccine,all,intermediate,2021-11-03_07-53-32
202129,unknown,fully_vaccinated,0,0,1211,0,NA,CHFL,COVID19Hosp,vaccine,all,intermediate,2021-11-03_07-53-32
202129,unknown,partially_vaccinated,0,0,285,0,NA,CHFL,COVID19Hosp,vaccine,all,intermediate,2021-11-03_07-53-32
202129,unknown,not_vaccinated,0,0,NA,NA,NA,CHFL,COVID19Hosp,vaccine,all,intermediate,2021-11-03_07-53-32
202129,unknown,unknown,0,2,NA,NA,NA,CHFL,COVID19Hosp,vaccine,all,intermediate,2021-11-03_07-53-32
202130,female,fully_vaccinated,8,99,2274131,0.35,NA,CHFL,COVID19Hosp,vaccine,all,intermediate,2021-11-03_07-53-32
202130,female,partially_vaccinated,0,75,175092,0,NA,CHFL,COVID19Hosp,vaccine,all,intermediate,2021-11-03_07-53-32
202130,female,not_vaccinated,40,1411,1938165,2.06,NA,CHFL,COVID19Hosp,vaccine,all,intermediate,2021-11-03_07-53-32
202130,female,unknown,8,1672,NA,NA,NA,CHFL,COVID19Hosp,vaccine,all,intermediate,2021-11-03_07-53-32
202130,male,fully_vaccinated,6,131,2164398,0.28,NA,CHFL,COVID19Hosp,vaccine,all,intermediate,2021-11-03_07-53-32
202130,male,partially_vaccinated,0,98,177251,0,NA,CHFL,COVID19Hosp,vaccine,all,intermediate,2021-11-03_07-53-32
202130,male,not_vaccinated,46,1817,1980318,2.32,NA,CHFL,COVID19Hosp,vaccine,all,intermediate,2021-11-03_07-53-32
202130,male,unknown,13,2011,NA,NA,NA,CHFL,COVID19Hosp,vaccine,all,intermediate,2021-11-03_07-53-32
202130,unknown,fully_vaccinated,0,0,1292,0,NA,CHFL,COVID19Hosp,vaccine,all,intermediate,2021-11-03_07-53-32
202130,unknown,partially_vaccinated,0,0,240,0,NA,CHFL,COVID19Hosp,vaccine,all,intermediate,2021-11-03_07-53-32
202130,unknown,not_vaccinated,0,0,NA,NA,NA,CHFL,COVID19Hosp,vaccine,all,intermediate,2021-11-03_07-53-32
202130,unknown,unknown,0,2,NA,NA,NA,CHFL,COVID19Hosp,vaccine,all,intermediate,2021-11-03_07-53-32
202131,female,fully_vaccinated,7,106,2316248,0.3,NA,CHFL,COVID19Hosp,vaccine,all,intermediate,2021-11-03_07-53-32
202131,female,partially_vaccinated,0,75,159570,0,NA,CHFL,COVID19Hosp,vaccine,all,intermediate,2021-11-03_07-53-32
202131,female,not_vaccinated,69,1480,1911570,3.61,NA,CHFL,COVID19Hosp,vaccine,all,intermediate,2021-11-03_07-53-32
202131,female,unknown,15,1687,NA,NA,NA,CHFL,COVID19Hosp,vaccine,all,intermediate,2021-11-03_07-53-32
202131,male,fully_vaccinated,9,140,2208842,0.41,NA,CHFL,COVID19Hosp,vaccine,all,intermediate,2021-11-03_07-53-32
202131,male,partially_vaccinated,2,100,160827,1.24,NA,CHFL,COVID19Hosp,vaccine,all,intermediate,2021-11-03_07-53-32
202131,male,not_vaccinated,62,1879,1952298,3.18,NA,CHFL,COVID19Hosp,vaccine,all,intermediate,2021-11-03_07-53-32
202131,male,unknown,15,2026,NA,NA,NA,CHFL,COVID19Hosp,vaccine,all,intermediate,2021-11-03_07-53-32
202131,unknown,fully_vaccinated,0,0,1338,0,NA,CHFL,COVID19Hosp,vaccine,all,intermediate,2021-11-03_07-53-32
202131,unknown,partially_vaccinated,0,0,210,0,NA,CHFL,COVID19Hosp,vaccine,all,intermediate,2021-11-03_07-53-32
202131,unknown,not_vaccinated,0,0,NA,NA,NA,CHFL,COVID19Hosp,vaccine,all,intermediate,2021-11-03_07-53-32
202131,unknown,unknown,0,2,NA,NA,NA,CHFL,COVID19Hosp,vaccine,all,intermediate,2021-11-03_07-53-32
202132,female,fully_vaccinated,18,124,2354195,0.76,NA,CHFL,COVID19Hosp,vaccine,all,intermediate,2021-11-03_07-53-32
202132,female,partially_vaccinated,2,77,152993,1.31,NA,CHFL,COVID19Hosp,vaccine,all,intermediate,2021-11-03_07-53-32
202132,female,not_vaccinated,143,1623,1880200,7.61,NA,CHFL,COVID19Hosp,vaccine,all,intermediate,2021-11-03_07-53-32
202132,female,unknown,17,1704,NA,NA,NA,CHFL,COVID19Hosp,vaccine,all,intermediate,2021-11-03_07-53-32
202132,male,fully_vaccinated,20,160,2248004,0.89,NA,CHFL,COVID19Hosp,vaccine,all,intermediate,2021-11-03_07-53-32
202132,male,partially_vaccinated,6,106,153859,3.9,NA,CHFL,COVID19Hosp,vaccine,all,intermediate,2021-11-03_07-53-32
202132,male,not_vaccinated,152,2031,1920104,7.92,NA,CHFL,COVID19Hosp,vaccine,all,intermediate,2021-11-03_07-53-32
202132,male,unknown,17,2043,NA,NA,NA,CHFL,COVID19Hosp,vaccine,all,intermediate,2021-11-03_07-53-32
202132,unknown,fully_vaccinated,0,0,1370,0,NA,CHFL,COVID19Hosp,vaccine,all,intermediate,2021-11-03_07-53-32
202132,unknown,partially_vaccinated,0,0,203,0,NA,CHFL,COVID19Hosp,vaccine,all,intermediate,2021-11-03_07-53-32
202132,unknown,not_vaccinated,0,0,NA,NA,NA,CHFL,COVID19Hosp,vaccine,all,intermediate,2021-11-03_07-53-32
202132,unknown,unknown,0,2,NA,NA,NA,CHFL,COVID19Hosp,vaccine,all,intermediate,2021-11-03_07-53-32
202133,female,fully_vaccinated,27,151,2391904,1.13,NA,CHFL,COVID19Hosp,vaccine,all,intermediate,2021-11-03_07-53-32
202133,female,partially_vaccinated,1,78,151924,0.66,NA,CHFL,COVID19Hosp,vaccine,all,intermediate,2021-11-03_07-53-32
202133,female,not_vaccinated,187,1810,1843560,10.14,NA,CHFL,COVID19Hosp,vaccine,all,intermediate,2021-11-03_07-53-32
202133,female,unknown,36,1740,NA,NA,NA,CHFL,COVID19Hosp,vaccine,all,intermediate,2021-11-03_07-53-32
202133,male,fully_vaccinated,28,188,2287026,1.22,NA,CHFL,COVID19Hosp,vaccine,all,intermediate,2021-11-03_07-53-32
202133,male,partially_vaccinated,2,108,151721,1.32,NA,CHFL,COVID19Hosp,vaccine,all,intermediate,2021-11-03_07-53-32
202133,male,not_vaccinated,194,2225,1883220,10.3,NA,CHFL,COVID19Hosp,vaccine,all,intermediate,2021-11-03_07-53-32
202133,male,unknown,47,2090,NA,NA,NA,CHFL,COVID19Hosp,vaccine,all,intermediate,2021-11-03_07-53-32
202133,unknown,fully_vaccinated,0,0,1399,0,NA,CHFL,COVID19Hosp,vaccine,all,intermediate,2021-11-03_07-53-32
202133,unknown,partially_vaccinated,0,0,208,0,NA,CHFL,COVID19Hosp,vaccine,all,intermediate,2021-11-03_07-53-32
202133,unknown,not_vaccinated,0,0,NA,NA,NA,CHFL,COVID19Hosp,vaccine,all,intermediate,2021-11-03_07-53-32
202133,unknown,unknown,0,2,NA,NA,NA,CHFL,COVID19Hosp,vaccine,all,intermediate,2021-11-03_07-53-32
202134,female,fully_vaccinated,19,170,2428735,0.78,NA,CHFL,COVID19Hosp,vaccine,all,intermediate,2021-11-03_07-53-32
202134,female,partially_vaccinated,2,80,162089,1.23,NA,CHFL,COVID19Hosp,vaccine,all,intermediate,2021-11-03_07-53-32
202134,female,not_vaccinated,142,1952,1796564,7.9,NA,CHFL,COVID19Hosp,vaccine,all,intermediate,2021-11-03_07-53-32
202134,female,unknown,34,1774,NA,NA,NA,CHFL,COVID19Hosp,vaccine,all,intermediate,2021-11-03_07-53-32
202134,male,fully_vaccinated,27,215,2325133,1.16,NA,CHFL,COVID19Hosp,vaccine,all,intermediate,2021-11-03_07-53-32
202134,male,partially_vaccinated,3,111,159911,1.88,NA,CHFL,COVID19Hosp,vaccine,all,intermediate,2021-11-03_07-53-32
202134,male,not_vaccinated,203,2428,1836923,11.05,NA,CHFL,COVID19Hosp,vaccine,all,intermediate,2021-11-03_07-53-32
202134,male,unknown,42,2132,NA,NA,NA,CHFL,COVID19Hosp,vaccine,all,intermediate,2021-11-03_07-53-32
202134,unknown,fully_vaccinated,0,0,1433,0,NA,CHFL,COVID19Hosp,vaccine,all,intermediate,2021-11-03_07-53-32
202134,unknown,partially_vaccinated,0,0,212,0,NA,CHFL,COVID19Hosp,vaccine,all,intermediate,2021-11-03_07-53-32
202134,unknown,not_vaccinated,0,0,NA,NA,NA,CHFL,COVID19Hosp,vaccine,all,intermediate,2021-11-03_07-53-32
202134,unknown,unknown,0,2,NA,NA,NA,CHFL,COVID19Hosp,vaccine,all,intermediate,2021-11-03_07-53-32
202135,female,fully_vaccinated,18,188,2459101,0.73,NA,CHFL,COVID19Hosp,vaccine,all,intermediate,2021-11-03_07-53-32
202135,female,partially_vaccinated,3,83,183380,1.64,NA,CHFL,COVID19Hosp,vaccine,all,intermediate,2021-11-03_07-53-32
202135,female,not_vaccinated,141,2093,1744907,8.08,NA,CHFL,COVID19Hosp,vaccine,all,intermediate,2021-11-03_07-53-32
202135,female,unknown,27,1801,NA,NA,NA,CHFL,COVID19Hosp,vaccine,all,intermediate,2021-11-03_07-53-32
202135,male,fully_vaccinated,30,245,2356606,1.27,NA,CHFL,COVID19Hosp,vaccine,all,intermediate,2021-11-03_07-53-32
202135,male,partially_vaccinated,2,113,179811,1.11,NA,CHFL,COVID19Hosp,vaccine,all,intermediate,2021-11-03_07-53-32
202135,male,not_vaccinated,156,2584,1785550,8.74,NA,CHFL,COVID19Hosp,vaccine,all,intermediate,2021-11-03_07-53-32
202135,male,unknown,28,2160,NA,NA,NA,CHFL,COVID19Hosp,vaccine,all,intermediate,2021-11-03_07-53-32
202135,unknown,fully_vaccinated,0,0,1457,0,NA,CHFL,COVID19Hosp,vaccine,all,intermediate,2021-11-03_07-53-32
202135,unknown,partially_vaccinated,0,0,224,0,NA,CHFL,COVID19Hosp,vaccine,all,intermediate,2021-11-03_07-53-32
202135,unknown,not_vaccinated,0,0,NA,NA,NA,CHFL,COVID19Hosp,vaccine,all,intermediate,2021-11-03_07-53-32
202135,unknown,unknown,0,2,NA,NA,NA,CHFL,COVID19Hosp,vaccine,all,intermediate,2021-11-03_07-53-32
202136,female,fully_vaccinated,18,206,2494946,0.72,NA,CHFL,COVID19Hosp,vaccine,all,intermediate,2021-11-03_07-53-32
202136,female,partially_vaccinated,0,83,212458,0,NA,CHFL,COVID19Hosp,vaccine,all,intermediate,2021-11-03_07-53-32
202136,female,not_vaccinated,113,2206,1679984,6.73,NA,CHFL,COVID19Hosp,vaccine,all,intermediate,2021-11-03_07-53-32
202136,female,unknown,25,1826,NA,NA,NA,CHFL,COVID19Hosp,vaccine,all,intermediate,2021-11-03_07-53-32
202136,male,fully_vaccinated,31,276,2393236,1.3,NA,CHFL,COVID19Hosp,vaccine,all,intermediate,2021-11-03_07-53-32
202136,male,partially_vaccinated,3,116,211817,1.42,NA,CHFL,COVID19Hosp,vaccine,all,intermediate,2021-11-03_07-53-32
202136,male,not_vaccinated,129,2713,1716914,7.51,NA,CHFL,COVID19Hosp,vaccine,all,intermediate,2021-11-03_07-53-32
202136,male,unknown,29,2189,NA,NA,NA,CHFL,COVID19Hosp,vaccine,all,intermediate,2021-11-03_07-53-32
202136,unknown,fully_vaccinated,0,0,1483,0,NA,CHFL,COVID19Hosp,vaccine,all,intermediate,2021-11-03_07-53-32
202136,unknown,partially_vaccinated,0,0,255,0,NA,CHFL,COVID19Hosp,vaccine,all,intermediate,2021-11-03_07-53-32
202136,unknown,not_vaccinated,0,0,NA,NA,NA,CHFL,COVID19Hosp,vaccine,all,intermediate,2021-11-03_07-53-32
202136,unknown,unknown,0,2,NA,NA,NA,CHFL,COVID19Hosp,vaccine,all,intermediate,2021-11-03_07-53-32
202137,female,fully_vaccinated,27,233,2539048,1.06,NA,CHFL,COVID19Hosp,vaccine,all,intermediate,2021-11-03_07-53-32
202137,female,partially_vaccinated,0,83,240394,0,NA,CHFL,COVID19Hosp,vaccine,all,intermediate,2021-11-03_07-53-32
202137,female,not_vaccinated,103,2309,1607946,6.41,NA,CHFL,COVID19Hosp,vaccine,all,intermediate,2021-11-03_07-53-32
202137,female,unknown,8,1834,NA,NA,NA,CHFL,COVID19Hosp,vaccine,all,intermediate,2021-11-03_07-53-32
202137,male,fully_vaccinated,23,299,2437773,0.94,NA,CHFL,COVID19Hosp,vaccine,all,intermediate,2021-11-03_07-53-32
202137,male,partially_vaccinated,7,123,245847,2.85,NA,CHFL,COVID19Hosp,vaccine,all,intermediate,2021-11-03_07-53-32
202137,male,not_vaccinated,108,2821,1638347,6.59,NA,CHFL,COVID19Hosp,vaccine,all,intermediate,2021-11-03_07-53-32
202137,male,unknown,26,2215,NA,NA,NA,CHFL,COVID19Hosp,vaccine,all,intermediate,2021-11-03_07-53-32
202137,unknown,fully_vaccinated,0,0,1522,0,NA,CHFL,COVID19Hosp,vaccine,all,intermediate,2021-11-03_07-53-32
202137,unknown,partially_vaccinated,0,0,305,0,NA,CHFL,COVID19Hosp,vaccine,all,intermediate,2021-11-03_07-53-32
202137,unknown,not_vaccinated,0,0,NA,NA,NA,CHFL,COVID19Hosp,vaccine,all,intermediate,2021-11-03_07-53-32
202137,unknown,unknown,0,2,NA,NA,NA,CHFL,COVID19Hosp,vaccine,all,intermediate,2021-11-03_07-53-32
202138,female,fully_vaccinated,21,254,2587435,0.81,NA,CHFL,COVID19Hosp,vaccine,all,intermediate,2021-11-03_07-53-32
202138,female,partially_vaccinated,1,84,245436,0.41,NA,CHFL,COVID19Hosp,vaccine,all,intermediate,2021-11-03_07-53-32
202138,female,not_vaccinated,70,2379,1554517,4.5,NA,CHFL,COVID19Hosp,vaccine,all,intermediate,2021-11-03_07-53-32
202138,female,unknown,13,1847,NA,NA,NA,CHFL,COVID19Hosp,vaccine,all,intermediate,2021-11-03_07-53-32
202138,male,fully_vaccinated,23,322,2485953,0.93,NA,CHFL,COVID19Hosp,vaccine,all,intermediate,2021-11-03_07-53-32
202138,male,partially_vaccinated,5,128,255673,1.96,NA,CHFL,COVID19Hosp,vaccine,all,intermediate,2021-11-03_07-53-32
202138,male,not_vaccinated,90,2911,1580341,5.69,NA,CHFL,COVID19Hosp,vaccine,all,intermediate,2021-11-03_07-53-32
202138,male,unknown,16,2231,NA,NA,NA,CHFL,COVID19Hosp,vaccine,all,intermediate,2021-11-03_07-53-32
202138,unknown,fully_vaccinated,0,0,1563,0,NA,CHFL,COVID19Hosp,vaccine,all,intermediate,2021-11-03_07-53-32
202138,unknown,partially_vaccinated,0,0,316,0,NA,CHFL,COVID19Hosp,vaccine,all,intermediate,2021-11-03_07-53-32
202138,unknown,not_vaccinated,0,0,NA,NA,NA,CHFL,COVID19Hosp,vaccine,all,intermediate,2021-11-03_07-53-32
202138,unknown,unknown,0,2,NA,NA,NA,CHFL,COVID19Hosp,vaccine,all,intermediate,2021-11-03_07-53-32
202139,female,fully_vaccinated,13,267,2637782,0.49,NA,CHFL,COVID19Hosp,vaccine,all,intermediate,2021-11-03_07-53-32
202139,female,partially_vaccinated,0,84,230028,0,NA,CHFL,COVID19Hosp,vaccine,all,intermediate,2021-11-03_07-53-32
202139,female,not_vaccinated,55,2434,1519578,3.62,NA,CHFL,COVID19Hosp,vaccine,all,intermediate,2021-11-03_07-53-32
202139,female,unknown,11,1858,NA,NA,NA,CHFL,COVID19Hosp,vaccine,all,intermediate,2021-11-03_07-53-32
202139,male,fully_vaccinated,14,336,2536056,0.55,NA,CHFL,COVID19Hosp,vaccine,all,intermediate,2021-11-03_07-53-32
202139,male,partially_vaccinated,2,130,242051,0.83,NA,CHFL,COVID19Hosp,vaccine,all,intermediate,2021-11-03_07-53-32
202139,male,not_vaccinated,47,2958,1543860,3.04,NA,CHFL,COVID19Hosp,vaccine,all,intermediate,2021-11-03_07-53-32
202139,male,unknown,16,2247,NA,NA,NA,CHFL,COVID19Hosp,vaccine,all,intermediate,2021-11-03_07-53-32
202139,unknown,fully_vaccinated,0,0,1593,0,NA,CHFL,COVID19Hosp,vaccine,all,intermediate,2021-11-03_07-53-32
202139,unknown,partially_vaccinated,0,0,321,0,NA,CHFL,COVID19Hosp,vaccine,all,intermediate,2021-11-03_07-53-32
202139,unknown,not_vaccinated,0,0,NA,NA,NA,CHFL,COVID19Hosp,vaccine,all,intermediate,2021-11-03_07-53-32
202139,unknown,unknown,0,2,NA,NA,NA,CHFL,COVID19Hosp,vaccine,all,intermediate,2021-11-03_07-53-32
202140,female,fully_vaccinated,20,287,2695081,0.74,NA,CHFL,COVID19Hosp,vaccine,all,intermediate,2021-11-03_07-53-32
202140,female,partially_vaccinated,2,86,198299,1.01,NA,CHFL,COVID19Hosp,vaccine,all,intermediate,2021-11-03_07-53-32
202140,female,not_vaccinated,44,2478,1494008,2.95,NA,CHFL,COVID19Hosp,vaccine,all,intermediate,2021-11-03_07-53-32
202140,female,unknown,7,1865,NA,NA,NA,CHFL,COVID19Hosp,vaccine,all,intermediate,2021-11-03_07-53-32
202140,male,fully_vaccinated,26,362,2596969,1,NA,CHFL,COVID19Hosp,vaccine,all,intermediate,2021-11-03_07-53-32
202140,male,partially_vaccinated,3,133,208052,1.44,NA,CHFL,COVID19Hosp,vaccine,all,intermediate,2021-11-03_07-53-32
202140,male,not_vaccinated,46,3004,1516946,3.03,NA,CHFL,COVID19Hosp,vaccine,all,intermediate,2021-11-03_07-53-32
202140,male,unknown,5,2252,NA,NA,NA,CHFL,COVID19Hosp,vaccine,all,intermediate,2021-11-03_07-53-32
202140,unknown,fully_vaccinated,0,0,1687,0,NA,CHFL,COVID19Hosp,vaccine,all,intermediate,2021-11-03_07-53-32
202140,unknown,partially_vaccinated,0,0,258,0,NA,CHFL,COVID19Hosp,vaccine,all,intermediate,2021-11-03_07-53-32
202140,unknown,not_vaccinated,1,1,NA,NA,NA,CHFL,COVID19Hosp,vaccine,all,intermediate,2021-11-03_07-53-32
202140,unknown,unknown,0,2,NA,NA,NA,CHFL,COVID19Hosp,vaccine,all,intermediate,2021-11-03_07-53-32
202141,female,fully_vaccinated,18,305,2757831,0.65,NA,CHFL,COVID19Hosp,vaccine,all,intermediate,2021-11-03_07-53-32
202141,female,partially_vaccinated,0,86,158164,0,NA,CHFL,COVID19Hosp,vaccine,all,intermediate,2021-11-03_07-53-32
202141,female,not_vaccinated,43,2521,1471393,2.92,NA,CHFL,COVID19Hosp,vaccine,all,intermediate,2021-11-03_07-53-32
202141,female,unknown,5,1870,NA,NA,NA,CHFL,COVID19Hosp,vaccine,all,intermediate,2021-11-03_07-53-32
202141,male,fully_vaccinated,27,389,2666320,1.01,NA,CHFL,COVID19Hosp,vaccine,all,intermediate,2021-11-03_07-53-32
202141,male,partially_vaccinated,4,137,163368,2.45,NA,CHFL,COVID19Hosp,vaccine,all,intermediate,2021-11-03_07-53-32
202141,male,not_vaccinated,34,3038,1492279,2.28,NA,CHFL,COVID19Hosp,vaccine,all,intermediate,2021-11-03_07-53-32
202141,male,unknown,9,2261,NA,NA,NA,CHFL,COVID19Hosp,vaccine,all,intermediate,2021-11-03_07-53-32
202141,unknown,fully_vaccinated,0,0,1746,0,NA,CHFL,COVID19Hosp,vaccine,all,intermediate,2021-11-03_07-53-32
202141,unknown,partially_vaccinated,0,0,239,0,NA,CHFL,COVID19Hosp,vaccine,all,intermediate,2021-11-03_07-53-32
202141,unknown,not_vaccinated,0,1,NA,NA,NA,CHFL,COVID19Hosp,vaccine,all,intermediate,2021-11-03_07-53-32
202141,unknown,unknown,0,2,NA,NA,NA,CHFL,COVID19Hosp,vaccine,all,intermediate,2021-11-03_07-53-32
202142,female,fully_vaccinated,21,326,2811131,0.75,NA,CHFL,COVID19Hosp,vaccine,all,intermediate,2021-11-03_07-53-32
202142,female,partially_vaccinated,1,87,122999,0.81,NA,CHFL,COVID19Hosp,vaccine,all,intermediate,2021-11-03_07-53-32
202142,female,not_vaccinated,36,2557,1453258,2.48,NA,CHFL,COVID19Hosp,vaccine,all,intermediate,2021-11-03_07-53-32
202142,female,unknown,9,1879,NA,NA,NA,CHFL,COVID19Hosp,vaccine,all,intermediate,2021-11-03_07-53-32
202142,male,fully_vaccinated,41,430,2725041,1.5,NA,CHFL,COVID19Hosp,vaccine,all,intermediate,2021-11-03_07-53-32
202142,male,partially_vaccinated,0,137,124070,0,NA,CHFL,COVID19Hosp,vaccine,all,intermediate,2021-11-03_07-53-32
202142,male,not_vaccinated,37,3075,1472856,2.51,NA,CHFL,COVID19Hosp,vaccine,all,intermediate,2021-11-03_07-53-32
202142,male,unknown,12,2273,NA,NA,NA,CHFL,COVID19Hosp,vaccine,all,intermediate,2021-11-03_07-53-32
202142,unknown,fully_vaccinated,0,0,1785,0,NA,CHFL,COVID19Hosp,vaccine,all,intermediate,2021-11-03_07-53-32
202142,unknown,partially_vaccinated,0,0,219,0,NA,CHFL,COVID19Hosp,vaccine,all,intermediate,2021-11-03_07-53-32
202142,unknown,not_vaccinated,0,1,NA,NA,NA,CHFL,COVID19Hosp,vaccine,all,intermediate,2021-11-03_07-53-32
202142,unknown,unknown,0,2,NA,NA,NA,CHFL,COVID19Hosp,vaccine,all,intermediate,2021-11-03_07-53-32
202143,female,fully_vaccinated,26,352,2847088,0.91,NA,CHFL,COVID19Hosp,vaccine,all,intermediate,2021-11-03_07-53-32
202143,female,partially_vaccinated,0,87,101007,0,NA,CHFL,COVID19Hosp,vaccine,all,intermediate,2021-11-03_07-53-32
202143,female,not_vaccinated,41,2598,1439293,2.85,NA,CHFL,COVID19Hosp,vaccine,all,intermediate,2021-11-03_07-53-32
202143,female,unknown,8,1887,NA,NA,NA,CHFL,COVID19Hosp,vaccine,all,intermediate,2021-11-03_07-53-32
202143,male,fully_vaccinated,32,462,2764073,1.16,NA,CHFL,COVID19Hosp,vaccine,all,intermediate,2021-11-03_07-53-32
202143,male,partially_vaccinated,1,138,99679,1,NA,CHFL,COVID19Hosp,vaccine,all,intermediate,2021-11-03_07-53-32
202143,male,not_vaccinated,65,3140,1458215,4.46,NA,CHFL,COVID19Hosp,vaccine,all,intermediate,2021-11-03_07-53-32
202143,male,unknown,12,2285,NA,NA,NA,CHFL,COVID19Hosp,vaccine,all,intermediate,2021-11-03_07-53-32
202143,unknown,fully_vaccinated,0,0,1829,0,NA,CHFL,COVID19Hosp,vaccine,all,intermediate,2021-11-03_07-53-32
202143,unknown,partially_vaccinated,0,0,188,0,NA,CHFL,COVID19Hosp,vaccine,all,intermediate,2021-11-03_07-53-32
202143,unknown,not_vaccinated,0,1,NA,NA,NA,CHFL,COVID19Hosp,vaccine,all,intermediate,2021-11-03_07-53-32
202143,unknown,unknown,0,2,NA,NA,NA,CHFL,COVID19Hosp,vaccine,all,intermediate,2021-11-03_07-53-32
202104,all,fully_vaccinated,0,0,15356,0,NA,CHFL,COVID19Hosp,vaccine,all,limited,2021-11-03_07-53-32
202104,all,partially_vaccinated,2,2,277731,0.72,NA,CHFL,COVID19Hosp,vaccine,all,limited,2021-11-03_07-53-32
202104,all,not_vaccinated,57,57,8416268,0.68,NA,CHFL,COVID19Hosp,vaccine,all,limited,2021-11-03_07-53-32
202104,all,unknown,243,243,NA,NA,NA,CHFL,COVID19Hosp,vaccine,all,limited,2021-11-03_07-53-32
202105,all,fully_vaccinated,0,0,46842,0,NA,CHFL,COVID19Hosp,vaccine,all,limited,2021-11-03_07-53-32
202105,all,partially_vaccinated,7,9,314716,2.22,NA,CHFL,COVID19Hosp,vaccine,all,limited,2021-11-03_07-53-32
202105,all,not_vaccinated,118,175,8347797,1.41,NA,CHFL,COVID19Hosp,vaccine,all,limited,2021-11-03_07-53-32
202105,all,unknown,301,544,NA,NA,NA,CHFL,COVID19Hosp,vaccine,all,limited,2021-11-03_07-53-32
202106,all,fully_vaccinated,3,3,103150,2.91,NA,CHFL,COVID19Hosp,vaccine,all,limited,2021-11-03_07-53-32
202106,all,partially_vaccinated,4,13,336052,1.19,NA,CHFL,COVID19Hosp,vaccine,all,limited,2021-11-03_07-53-32
202106,all,not_vaccinated,110,285,8270153,1.33,NA,CHFL,COVID19Hosp,vaccine,all,limited,2021-11-03_07-53-32
202106,all,unknown,213,757,NA,NA,NA,CHFL,COVID19Hosp,vaccine,all,limited,2021-11-03_07-53-32
202107,all,fully_vaccinated,6,9,175431,3.42,NA,CHFL,COVID19Hosp,vaccine,all,limited,2021-11-03_07-53-32
202107,all,partially_vaccinated,10,23,322454,3.1,NA,CHFL,COVID19Hosp,vaccine,all,limited,2021-11-03_07-53-32
202107,all,not_vaccinated,109,394,8211470,1.33,NA,CHFL,COVID19Hosp,vaccine,all,limited,2021-11-03_07-53-32
202107,all,unknown,188,945,NA,NA,NA,CHFL,COVID19Hosp,vaccine,all,limited,2021-11-03_07-53-32
202108,all,fully_vaccinated,6,15,265386,2.26,NA,CHFL,COVID19Hosp,vaccine,all,limited,2021-11-03_07-53-32
202108,all,partially_vaccinated,6,29,281087,2.13,NA,CHFL,COVID19Hosp,vaccine,all,limited,2021-11-03_07-53-32
202108,all,not_vaccinated,99,493,8162882,1.21,NA,CHFL,COVID19Hosp,vaccine,all,limited,2021-11-03_07-53-32
202108,all,unknown,182,1127,NA,NA,NA,CHFL,COVID19Hosp,vaccine,all,limited,2021-11-03_07-53-32
202109,all,fully_vaccinated,6,21,342137,1.75,NA,CHFL,COVID19Hosp,vaccine,all,limited,2021-11-03_07-53-32
202109,all,partially_vaccinated,7,36,279522,2.5,NA,CHFL,COVID19Hosp,vaccine,all,limited,2021-11-03_07-53-32
202109,all,not_vaccinated,143,636,8087696,1.77,NA,CHFL,COVID19Hosp,vaccine,all,limited,2021-11-03_07-53-32
202109,all,unknown,186,1313,NA,NA,NA,CHFL,COVID19Hosp,vaccine,all,limited,2021-11-03_07-53-32
202110,all,fully_vaccinated,5,26,404372,1.24,NA,CHFL,COVID19Hosp,vaccine,all,limited,2021-11-03_07-53-32
202110,all,partially_vaccinated,8,44,307307,2.6,NA,CHFL,COVID19Hosp,vaccine,all,limited,2021-11-03_07-53-32
202110,all,not_vaccinated,135,771,7997676,1.69,NA,CHFL,COVID19Hosp,vaccine,all,limited,2021-11-03_07-53-32
202110,all,unknown,210,1523,NA,NA,NA,CHFL,COVID19Hosp,vaccine,all,limited,2021-11-03_07-53-32
202111,all,fully_vaccinated,10,36,478159,2.09,NA,CHFL,COVID19Hosp,vaccine,all,limited,2021-11-03_07-53-32
202111,all,partially_vaccinated,13,57,311247,4.18,NA,CHFL,COVID19Hosp,vaccine,all,limited,2021-11-03_07-53-32
202111,all,not_vaccinated,158,929,7919949,1.99,NA,CHFL,COVID19Hosp,vaccine,all,limited,2021-11-03_07-53-32
202111,all,unknown,231,1754,NA,NA,NA,CHFL,COVID19Hosp,vaccine,all,limited,2021-11-03_07-53-32
202112,all,fully_vaccinated,6,42,547588,1.1,NA,CHFL,COVID19Hosp,vaccine,all,limited,2021-11-03_07-53-32
202112,all,partially_vaccinated,4,61,355494,1.13,NA,CHFL,COVID19Hosp,vaccine,all,limited,2021-11-03_07-53-32
202112,all,not_vaccinated,222,1151,7806273,2.84,NA,CHFL,COVID19Hosp,vaccine,all,limited,2021-11-03_07-53-32
202112,all,unknown,236,1990,NA,NA,NA,CHFL,COVID19Hosp,vaccine,all,limited,2021-11-03_07-53-32
202113,all,fully_vaccinated,14,56,614198,2.28,NA,CHFL,COVID19Hosp,vaccine,all,limited,2021-11-03_07-53-32
202113,all,partially_vaccinated,10,71,398140,2.51,NA,CHFL,COVID19Hosp,vaccine,all,limited,2021-11-03_07-53-32
202113,all,not_vaccinated,234,1385,7697017,3.04,NA,CHFL,COVID19Hosp,vaccine,all,limited,2021-11-03_07-53-32
202113,all,unknown,289,2279,NA,NA,NA,CHFL,COVID19Hosp,vaccine,all,limited,2021-11-03_07-53-32
202114,all,fully_vaccinated,15,71,701909,2.14,NA,CHFL,COVID19Hosp,vaccine,all,limited,2021-11-03_07-53-32
202114,all,partially_vaccinated,15,86,434751,3.45,NA,CHFL,COVID19Hosp,vaccine,all,limited,2021-11-03_07-53-32
202114,all,not_vaccinated,214,1599,7572695,2.83,NA,CHFL,COVID19Hosp,vaccine,all,limited,2021-11-03_07-53-32
202114,all,unknown,268,2547,NA,NA,NA,CHFL,COVID19Hosp,vaccine,all,limited,2021-11-03_07-53-32
202115,all,fully_vaccinated,17,88,787223,2.16,NA,CHFL,COVID19Hosp,vaccine,all,limited,2021-11-03_07-53-32
202115,all,partially_vaccinated,9,95,562367,1.6,NA,CHFL,COVID19Hosp,vaccine,all,limited,2021-11-03_07-53-32
202115,all,not_vaccinated,271,1870,7359765,3.68,NA,CHFL,COVID19Hosp,vaccine,all,limited,2021-11-03_07-53-32
202115,all,unknown,199,2746,NA,NA,NA,CHFL,COVID19Hosp,vaccine,all,limited,2021-11-03_07-53-32
202116,all,fully_vaccinated,14,102,897872,1.56,NA,CHFL,COVID19Hosp,vaccine,all,limited,2021-11-03_07-53-32
202116,all,partially_vaccinated,12,107,713162,1.68,NA,CHFL,COVID19Hosp,vaccine,all,limited,2021-11-03_07-53-32
202116,all,not_vaccinated,254,2124,7098321,3.58,NA,CHFL,COVID19Hosp,vaccine,all,limited,2021-11-03_07-53-32
202116,all,unknown,211,2957,NA,NA,NA,CHFL,COVID19Hosp,vaccine,all,limited,2021-11-03_07-53-32
202117,all,fully_vaccinated,16,118,1006174,1.59,NA,CHFL,COVID19Hosp,vaccine,all,limited,2021-11-03_07-53-32
202117,all,partially_vaccinated,15,122,891944,1.68,NA,CHFL,COVID19Hosp,vaccine,all,limited,2021-11-03_07-53-32
202117,all,not_vaccinated,241,2365,6811237,3.54,NA,CHFL,COVID19Hosp,vaccine,all,limited,2021-11-03_07-53-32
202117,all,unknown,192,3149,NA,NA,NA,CHFL,COVID19Hosp,vaccine,all,limited,2021-11-03_07-53-32
202118,all,fully_vaccinated,15,133,1143173,1.31,NA,CHFL,COVID19Hosp,vaccine,all,limited,2021-11-03_07-53-32
202118,all,partially_vaccinated,14,136,1080010,1.3,NA,CHFL,COVID19Hosp,vaccine,all,limited,2021-11-03_07-53-32
202118,all,not_vaccinated,177,2542,6486172,2.73,NA,CHFL,COVID19Hosp,vaccine,all,limited,2021-11-03_07-53-32
202118,all,unknown,130,3279,NA,NA,NA,CHFL,COVID19Hosp,vaccine,all,limited,2021-11-03_07-53-32
202119,all,fully_vaccinated,6,139,1334637,0.45,NA,CHFL,COVID19Hosp,vaccine,all,limited,2021-11-03_07-53-32
202119,all,partially_vaccinated,10,146,1176163,0.85,NA,CHFL,COVID19Hosp,vaccine,all,limited,2021-11-03_07-53-32
202119,all,not_vaccinated,121,2663,6198555,1.95,NA,CHFL,COVID19Hosp,vaccine,all,limited,2021-11-03_07-53-32
202119,all,unknown,100,3379,NA,NA,NA,CHFL,COVID19Hosp,vaccine,all,limited,2021-11-03_07-53-32
202120,all,fully_vaccinated,9,148,1599999,0.56,NA,CHFL,COVID19Hosp,vaccine,all,limited,2021-11-03_07-53-32
202120,all,partially_vaccinated,11,157,1229774,0.89,NA,CHFL,COVID19Hosp,vaccine,all,limited,2021-11-03_07-53-32
202120,all,not_vaccinated,144,2807,5879582,2.45,NA,CHFL,COVID19Hosp,vaccine,all,limited,2021-11-03_07-53-32
202120,all,unknown,88,3467,NA,NA,NA,CHFL,COVID19Hosp,vaccine,all,limited,2021-11-03_07-53-32
202121,all,fully_vaccinated,13,161,1875300,0.69,NA,CHFL,COVID19Hosp,vaccine,all,limited,2021-11-03_07-53-32
202121,all,partially_vaccinated,5,162,1248910,0.4,NA,CHFL,COVID19Hosp,vaccine,all,limited,2021-11-03_07-53-32
202121,all,not_vaccinated,76,2883,5585145,1.36,NA,CHFL,COVID19Hosp,vaccine,all,limited,2021-11-03_07-53-32
202121,all,unknown,54,3521,NA,NA,NA,CHFL,COVID19Hosp,vaccine,all,limited,2021-11-03_07-53-32
202122,all,fully_vaccinated,8,169,2188542,0.37,NA,CHFL,COVID19Hosp,vaccine,all,limited,2021-11-03_07-53-32
202122,all,partially_vaccinated,5,167,1275298,0.39,NA,CHFL,COVID19Hosp,vaccine,all,limited,2021-11-03_07-53-32
202122,all,not_vaccinated,66,2949,5245515,1.26,NA,CHFL,COVID19Hosp,vaccine,all,limited,2021-11-03_07-53-32
202122,all,unknown,41,3562,NA,NA,NA,CHFL,COVID19Hosp,vaccine,all,limited,2021-11-03_07-53-32
202123,all,fully_vaccinated,14,183,2495519,0.56,NA,CHFL,COVID19Hosp,vaccine,all,limited,2021-11-03_07-53-32
202123,all,partially_vaccinated,2,169,1325182,0.15,NA,CHFL,COVID19Hosp,vaccine,all,limited,2021-11-03_07-53-32
202123,all,not_vaccinated,33,2982,4888654,0.68,NA,CHFL,COVID19Hosp,vaccine,all,limited,2021-11-03_07-53-32
202123,all,unknown,28,3590,NA,NA,NA,CHFL,COVID19Hosp,vaccine,all,limited,2021-11-03_07-53-32
202124,all,fully_vaccinated,5,188,2810277,0.18,NA,CHFL,COVID19Hosp,vaccine,all,limited,2021-11-03_07-53-32
202124,all,partially_vaccinated,1,170,1321055,0.08,NA,CHFL,COVID19Hosp,vaccine,all,limited,2021-11-03_07-53-32
202124,all,not_vaccinated,24,3006,4578023,0.52,NA,CHFL,COVID19Hosp,vaccine,all,limited,2021-11-03_07-53-32
202124,all,unknown,18,3608,NA,NA,NA,CHFL,COVID19Hosp,vaccine,all,limited,2021-11-03_07-53-32
202125,all,fully_vaccinated,3,191,3118401,0.1,NA,CHFL,COVID19Hosp,vaccine,all,limited,2021-11-03_07-53-32
202125,all,partially_vaccinated,1,171,1245266,0.08,NA,CHFL,COVID19Hosp,vaccine,all,limited,2021-11-03_07-53-32
202125,all,not_vaccinated,11,3017,4345688,0.25,NA,CHFL,COVID19Hosp,vaccine,all,limited,2021-11-03_07-53-32
202125,all,unknown,14,3622,NA,NA,NA,CHFL,COVID19Hosp,vaccine,all,limited,2021-11-03_07-53-32
202126,all,fully_vaccinated,3,194,3452655,0.09,NA,CHFL,COVID19Hosp,vaccine,all,intermediate,2021-11-03_07-53-32
202126,all,partially_vaccinated,1,172,1039403,0.1,NA,CHFL,COVID19Hosp,vaccine,all,intermediate,2021-11-03_07-53-32
202126,all,not_vaccinated,5,3022,4217297,0.12,NA,CHFL,COVID19Hosp,vaccine,all,intermediate,2021-11-03_07-53-32
202126,all,unknown,8,3630,NA,NA,NA,CHFL,COVID19Hosp,vaccine,all,intermediate,2021-11-03_07-53-32
202127,all,fully_vaccinated,0,194,3788751,0,NA,CHFL,COVID19Hosp,vaccine,all,intermediate,2021-11-03_07-53-32
202127,all,partially_vaccinated,0,172,790412,0,NA,CHFL,COVID19Hosp,vaccine,all,intermediate,2021-11-03_07-53-32
202127,all,not_vaccinated,21,3043,4130192,0.51,NA,CHFL,COVID19Hosp,vaccine,all,intermediate,2021-11-03_07-53-32
202127,all,unknown,7,3637,NA,NA,NA,CHFL,COVID19Hosp,vaccine,all,intermediate,2021-11-03_07-53-32
202128,all,fully_vaccinated,7,201,4085539,0.17,NA,CHFL,COVID19Hosp,vaccine,all,intermediate,2021-11-03_07-53-32
202128,all,partially_vaccinated,1,173,568750,0.18,NA,CHFL,COVID19Hosp,vaccine,all,intermediate,2021-11-03_07-53-32
202128,all,not_vaccinated,44,3087,4055066,1.09,NA,CHFL,COVID19Hosp,vaccine,all,intermediate,2021-11-03_07-53-32
202128,all,unknown,10,3647,NA,NA,NA,CHFL,COVID19Hosp,vaccine,all,intermediate,2021-11-03_07-53-32
202129,all,fully_vaccinated,15,216,4314126,0.35,NA,CHFL,COVID19Hosp,vaccine,all,intermediate,2021-11-03_07-53-32
202129,all,partially_vaccinated,0,173,411320,0,NA,CHFL,COVID19Hosp,vaccine,all,intermediate,2021-11-03_07-53-32
202129,all,not_vaccinated,55,3142,3983909,1.38,NA,CHFL,COVID19Hosp,vaccine,all,intermediate,2021-11-03_07-53-32
202129,all,unknown,17,3664,NA,NA,NA,CHFL,COVID19Hosp,vaccine,all,intermediate,2021-11-03_07-53-32
202130,all,fully_vaccinated,14,230,4439821,0.32,NA,CHFL,COVID19Hosp,vaccine,all,intermediate,2021-11-03_07-53-32
202130,all,partially_vaccinated,0,173,352583,0,NA,CHFL,COVID19Hosp,vaccine,all,intermediate,2021-11-03_07-53-32
202130,all,not_vaccinated,86,3228,3916951,2.2,NA,CHFL,COVID19Hosp,vaccine,all,intermediate,2021-11-03_07-53-32
202130,all,unknown,21,3685,NA,NA,NA,CHFL,COVID19Hosp,vaccine,all,intermediate,2021-11-03_07-53-32
202131,all,fully_vaccinated,16,246,4526428,0.35,NA,CHFL,COVID19Hosp,vaccine,all,intermediate,2021-11-03_07-53-32
202131,all,partially_vaccinated,2,175,320607,0.62,NA,CHFL,COVID19Hosp,vaccine,all,intermediate,2021-11-03_07-53-32
202131,all,not_vaccinated,131,3359,3862320,3.39,NA,CHFL,COVID19Hosp,vaccine,all,intermediate,2021-11-03_07-53-32
202131,all,unknown,30,3715,NA,NA,NA,CHFL,COVID19Hosp,vaccine,all,intermediate,2021-11-03_07-53-32
202132,all,fully_vaccinated,38,284,4603569,0.83,NA,CHFL,COVID19Hosp,vaccine,all,intermediate,2021-11-03_07-53-32
202132,all,partially_vaccinated,8,183,307055,2.61,NA,CHFL,COVID19Hosp,vaccine,all,intermediate,2021-11-03_07-53-32
202132,all,not_vaccinated,295,3654,3798731,7.77,NA,CHFL,COVID19Hosp,vaccine,all,intermediate,2021-11-03_07-53-32
202132,all,unknown,34,3749,NA,NA,NA,CHFL,COVID19Hosp,vaccine,all,intermediate,2021-11-03_07-53-32
202133,all,fully_vaccinated,55,339,4680329,1.18,NA,CHFL,COVID19Hosp,vaccine,all,intermediate,2021-11-03_07-53-32
202133,all,partially_vaccinated,3,186,303853,0.99,NA,CHFL,COVID19Hosp,vaccine,all,intermediate,2021-11-03_07-53-32
202133,all,not_vaccinated,381,4035,3725173,10.23,NA,CHFL,COVID19Hosp,vaccine,all,intermediate,2021-11-03_07-53-32
202133,all,unknown,83,3832,NA,NA,NA,CHFL,COVID19Hosp,vaccine,all,intermediate,2021-11-03_07-53-32
202134,all,fully_vaccinated,46,385,4755301,0.97,NA,CHFL,COVID19Hosp,vaccine,all,intermediate,2021-11-03_07-53-32
202134,all,partially_vaccinated,5,191,322212,1.55,NA,CHFL,COVID19Hosp,vaccine,all,intermediate,2021-11-03_07-53-32
202134,all,not_vaccinated,345,4380,3631842,9.5,NA,CHFL,COVID19Hosp,vaccine,all,intermediate,2021-11-03_07-53-32
202134,all,unknown,76,3908,NA,NA,NA,CHFL,COVID19Hosp,vaccine,all,intermediate,2021-11-03_07-53-32
202135,all,fully_vaccinated,48,433,4817164,1,NA,CHFL,COVID19Hosp,vaccine,all,intermediate,2021-11-03_07-53-32
202135,all,partially_vaccinated,5,196,363415,1.38,NA,CHFL,COVID19Hosp,vaccine,all,intermediate,2021-11-03_07-53-32
202135,all,not_vaccinated,297,4677,3528776,8.42,NA,CHFL,COVID19Hosp,vaccine,all,intermediate,2021-11-03_07-53-32
202135,all,unknown,55,3963,NA,NA,NA,CHFL,COVID19Hosp,vaccine,all,intermediate,2021-11-03_07-53-32
202136,all,fully_vaccinated,49,482,4889665,1,NA,CHFL,COVID19Hosp,vaccine,all,intermediate,2021-11-03_07-53-32
202136,all,partially_vaccinated,3,199,424530,0.71,NA,CHFL,COVID19Hosp,vaccine,all,intermediate,2021-11-03_07-53-32
202136,all,not_vaccinated,242,4919,3395160,7.13,NA,CHFL,COVID19Hosp,vaccine,all,intermediate,2021-11-03_07-53-32
202136,all,unknown,54,4017,NA,NA,NA,CHFL,COVID19Hosp,vaccine,all,intermediate,2021-11-03_07-53-32
202137,all,fully_vaccinated,50,532,4978343,1,NA,CHFL,COVID19Hosp,vaccine,all,intermediate,2021-11-03_07-53-32
202137,all,partially_vaccinated,7,206,486546,1.44,NA,CHFL,COVID19Hosp,vaccine,all,intermediate,2021-11-03_07-53-32
202137,all,not_vaccinated,211,5130,3244466,6.5,NA,CHFL,COVID19Hosp,vaccine,all,intermediate,2021-11-03_07-53-32
202137,all,unknown,34,4051,NA,NA,NA,CHFL,COVID19Hosp,vaccine,all,intermediate,2021-11-03_07-53-32
202138,all,fully_vaccinated,44,576,5074951,0.87,NA,CHFL,COVID19Hosp,vaccine,all,intermediate,2021-11-03_07-53-32
202138,all,partially_vaccinated,6,212,501425,1.2,NA,CHFL,COVID19Hosp,vaccine,all,intermediate,2021-11-03_07-53-32
202138,all,not_vaccinated,160,5290,3132979,5.11,NA,CHFL,COVID19Hosp,vaccine,all,intermediate,2021-11-03_07-53-32
202138,all,unknown,29,4080,NA,NA,NA,CHFL,COVID19Hosp,vaccine,all,intermediate,2021-11-03_07-53-32
202139,all,fully_vaccinated,27,603,5175431,0.52,NA,CHFL,COVID19Hosp,vaccine,all,intermediate,2021-11-03_07-53-32
202139,all,partially_vaccinated,2,214,472400,0.42,NA,CHFL,COVID19Hosp,vaccine,all,intermediate,2021-11-03_07-53-32
202139,all,not_vaccinated,102,5392,3061524,3.33,NA,CHFL,COVID19Hosp,vaccine,all,intermediate,2021-11-03_07-53-32
202139,all,unknown,27,4107,NA,NA,NA,CHFL,COVID19Hosp,vaccine,all,intermediate,2021-11-03_07-53-32
202140,all,fully_vaccinated,46,649,5293737,0.87,NA,CHFL,COVID19Hosp,vaccine,all,intermediate,2021-11-03_07-53-32
202140,all,partially_vaccinated,5,219,406609,1.23,NA,CHFL,COVID19Hosp,vaccine,all,intermediate,2021-11-03_07-53-32
202140,all,not_vaccinated,91,5483,3009009,3.02,NA,CHFL,COVID19Hosp,vaccine,all,intermediate,2021-11-03_07-53-32
202140,all,unknown,12,4119,NA,NA,NA,CHFL,COVID19Hosp,vaccine,all,intermediate,2021-11-03_07-53-32
202141,all,fully_vaccinated,45,694,5425897,0.83,NA,CHFL,COVID19Hosp,vaccine,all,intermediate,2021-11-03_07-53-32
202141,all,partially_vaccinated,4,223,321771,1.24,NA,CHFL,COVID19Hosp,vaccine,all,intermediate,2021-11-03_07-53-32
202141,all,not_vaccinated,77,5560,2961687,2.6,NA,CHFL,COVID19Hosp,vaccine,all,intermediate,2021-11-03_07-53-32
202141,all,unknown,14,4133,NA,NA,NA,CHFL,COVID19Hosp,vaccine,all,intermediate,2021-11-03_07-53-32
202142,all,fully_vaccinated,62,756,5537957,1.12,NA,CHFL,COVID19Hosp,vaccine,all,intermediate,2021-11-03_07-53-32
202142,all,partially_vaccinated,1,224,247288,0.4,NA,CHFL,COVID19Hosp,vaccine,all,intermediate,2021-11-03_07-53-32
202142,all,not_vaccinated,73,5633,2924110,2.5,NA,CHFL,COVID19Hosp,vaccine,all,intermediate,2021-11-03_07-53-32
202142,all,unknown,21,4154,NA,NA,NA,CHFL,COVID19Hosp,vaccine,all,intermediate,2021-11-03_07-53-32
202143,all,fully_vaccinated,58,814,5612990,1.03,NA,CHFL,COVID19Hosp,vaccine,all,intermediate,2021-11-03_07-53-32
202143,all,partially_vaccinated,1,225,200874,0.5,NA,CHFL,COVID19Hosp,vaccine,all,intermediate,2021-11-03_07-53-32
202143,all,not_vaccinated,106,5739,2895491,3.66,NA,CHFL,COVID19Hosp,vaccine,all,intermediate,2021-11-03_07-53-32
202143,all,unknown,20,4174,NA,NA,NA,CHFL,COVID19Hosp,vaccine,all,intermediate,2021-11-03_07-53-32