date,sex,vaccination_status,entries,sumTotal,pop,inz_entries,inzsumTotal,geoRegion,type,type_variant,vaccine,data_completeness,version
202104,female,fully_vaccinated,1,1,8805,11.36,NA,CHFL,COVID19Cases,vaccine,all,limited,2021-11-03_07-53-32
202104,female,partially_vaccinated,5,5,157562,3.17,NA,CHFL,COVID19Cases,vaccine,all,limited,2021-11-03_07-53-32
202104,female,not_vaccinated,57,57,4221021,1.35,NA,CHFL,COVID19Cases,vaccine,all,limited,2021-11-03_07-53-32
202104,female,unknown,3787,3787,NA,NA,NA,CHFL,COVID19Cases,vaccine,all,limited,2021-11-03_07-53-32
202104,male,fully_vaccinated,0,0,6551,0,NA,CHFL,COVID19Cases,vaccine,all,limited,2021-11-03_07-53-32
202104,male,partially_vaccinated,3,3,120137,2.5,NA,CHFL,COVID19Cases,vaccine,all,limited,2021-11-03_07-53-32
202104,male,not_vaccinated,50,50,4195279,1.19,NA,CHFL,COVID19Cases,vaccine,all,limited,2021-11-03_07-53-32
202104,male,unknown,3297,3297,NA,NA,NA,CHFL,COVID19Cases,vaccine,all,limited,2021-11-03_07-53-32
202104,unknown,fully_vaccinated,0,0,0,NA,NA,CHFL,COVID19Cases,vaccine,all,limited,2021-11-03_07-53-32
202104,unknown,partially_vaccinated,0,0,32,0,NA,CHFL,COVID19Cases,vaccine,all,limited,2021-11-03_07-53-32
202104,unknown,not_vaccinated,0,0,NA,NA,NA,CHFL,COVID19Cases,vaccine,all,limited,2021-11-03_07-53-32
202104,unknown,unknown,0,0,NA,NA,NA,CHFL,COVID19Cases,vaccine,all,limited,2021-11-03_07-53-32
202105,female,fully_vaccinated,1,2,28206,3.55,NA,CHFL,COVID19Cases,vaccine,all,limited,2021-11-03_07-53-32
202105,female,partially_vaccinated,20,25,175939,11.37,NA,CHFL,COVID19Cases,vaccine,all,limited,2021-11-03_07-53-32
202105,female,not_vaccinated,83,140,4183243,1.98,NA,CHFL,COVID19Cases,vaccine,all,limited,2021-11-03_07-53-32
202105,female,unknown,5148,8935,NA,NA,NA,CHFL,COVID19Cases,vaccine,all,limited,2021-11-03_07-53-32
202105,male,fully_vaccinated,2,2,18636,10.73,NA,CHFL,COVID19Cases,vaccine,all,limited,2021-11-03_07-53-32
202105,male,partially_vaccinated,9,12,138737,6.49,NA,CHFL,COVID19Cases,vaccine,all,limited,2021-11-03_07-53-32
202105,male,not_vaccinated,87,137,4164594,2.09,NA,CHFL,COVID19Cases,vaccine,all,limited,2021-11-03_07-53-32
202105,male,unknown,4735,8032,NA,NA,NA,CHFL,COVID19Cases,vaccine,all,limited,2021-11-03_07-53-32
202105,unknown,fully_vaccinated,0,0,0,NA,NA,CHFL,COVID19Cases,vaccine,all,limited,2021-11-03_07-53-32
202105,unknown,partially_vaccinated,0,0,40,0,NA,CHFL,COVID19Cases,vaccine,all,limited,2021-11-03_07-53-32
202105,unknown,not_vaccinated,0,0,NA,NA,NA,CHFL,COVID19Cases,vaccine,all,limited,2021-11-03_07-53-32
202105,unknown,unknown,1,1,NA,NA,NA,CHFL,COVID19Cases,vaccine,all,limited,2021-11-03_07-53-32
202106,female,fully_vaccinated,2,4,60991,3.28,NA,CHFL,COVID19Cases,vaccine,all,limited,2021-11-03_07-53-32
202106,female,partially_vaccinated,19,44,188698,10.07,NA,CHFL,COVID19Cases,vaccine,all,limited,2021-11-03_07-53-32
202106,female,not_vaccinated,69,209,4137699,1.67,NA,CHFL,COVID19Cases,vaccine,all,limited,2021-11-03_07-53-32
202106,female,unknown,3926,12861,NA,NA,NA,CHFL,COVID19Cases,vaccine,all,limited,2021-11-03_07-53-32
202106,male,fully_vaccinated,0,2,42155,0,NA,CHFL,COVID19Cases,vaccine,all,limited,2021-11-03_07-53-32
202106,male,partially_vaccinated,12,24,147301,8.15,NA,CHFL,COVID19Cases,vaccine,all,limited,2021-11-03_07-53-32
202106,male,not_vaccinated,88,225,4132511,2.13,NA,CHFL,COVID19Cases,vaccine,all,limited,2021-11-03_07-53-32
202106,male,unknown,3760,11792,NA,NA,NA,CHFL,COVID19Cases,vaccine,all,limited,2021-11-03_07-53-32
202106,unknown,fully_vaccinated,0,0,4,0,NA,CHFL,COVID19Cases,vaccine,all,limited,2021-11-03_07-53-32
202106,unknown,partially_vaccinated,0,0,53,0,NA,CHFL,COVID19Cases,vaccine,all,limited,2021-11-03_07-53-32
202106,unknown,not_vaccinated,0,0,NA,NA,NA,CHFL,COVID19Cases,vaccine,all,limited,2021-11-03_07-53-32
202106,unknown,unknown,4,5,NA,NA,NA,CHFL,COVID19Cases,vaccine,all,limited,2021-11-03_07-53-32
202107,female,fully_vaccinated,4,8,100378,3.98,NA,CHFL,COVID19Cases,vaccine,all,limited,2021-11-03_07-53-32
202107,female,partially_vaccinated,16,60,183125,8.74,NA,CHFL,COVID19Cases,vaccine,all,limited,2021-11-03_07-53-32
202107,female,not_vaccinated,53,262,4103885,1.29,NA,CHFL,COVID19Cases,vaccine,all,limited,2021-11-03_07-53-32
202107,female,unknown,3532,16393,NA,NA,NA,CHFL,COVID19Cases,vaccine,all,limited,2021-11-03_07-53-32
202107,male,fully_vaccinated,3,5,75042,4,NA,CHFL,COVID19Cases,vaccine,all,limited,2021-11-03_07-53-32
202107,male,partially_vaccinated,9,33,139272,6.46,NA,CHFL,COVID19Cases,vaccine,all,limited,2021-11-03_07-53-32
202107,male,not_vaccinated,78,303,4107653,1.9,NA,CHFL,COVID19Cases,vaccine,all,limited,2021-11-03_07-53-32
202107,male,unknown,3284,15076,NA,NA,NA,CHFL,COVID19Cases,vaccine,all,limited,2021-11-03_07-53-32
202107,unknown,fully_vaccinated,0,0,11,0,NA,CHFL,COVID19Cases,vaccine,all,limited,2021-11-03_07-53-32
202107,unknown,partially_vaccinated,0,0,57,0,NA,CHFL,COVID19Cases,vaccine,all,limited,2021-11-03_07-53-32
202107,unknown,not_vaccinated,0,0,NA,NA,NA,CHFL,COVID19Cases,vaccine,all,limited,2021-11-03_07-53-32
202107,unknown,unknown,1,6,NA,NA,NA,CHFL,COVID19Cases,vaccine,all,limited,2021-11-03_07-53-32
202108,female,fully_vaccinated,9,17,150135,5.99,NA,CHFL,COVID19Cases,vaccine,all,limited,2021-11-03_07-53-32
202108,female,partially_vaccinated,13,73,161272,8.06,NA,CHFL,COVID19Cases,vaccine,all,limited,2021-11-03_07-53-32
202108,female,not_vaccinated,66,328,4075981,1.62,NA,CHFL,COVID19Cases,vaccine,all,limited,2021-11-03_07-53-32
202108,female,unknown,3504,19897,NA,NA,NA,CHFL,COVID19Cases,vaccine,all,limited,2021-11-03_07-53-32
202108,male,fully_vaccinated,4,9,115227,3.47,NA,CHFL,COVID19Cases,vaccine,all,limited,2021-11-03_07-53-32
202108,male,partially_vaccinated,9,42,119768,7.51,NA,CHFL,COVID19Cases,vaccine,all,limited,2021-11-03_07-53-32
202108,male,not_vaccinated,90,393,4086972,2.2,NA,CHFL,COVID19Cases,vaccine,all,limited,2021-11-03_07-53-32
202108,male,unknown,3543,18619,NA,NA,NA,CHFL,COVID19Cases,vaccine,all,limited,2021-11-03_07-53-32
202108,unknown,fully_vaccinated,0,0,24,0,NA,CHFL,COVID19Cases,vaccine,all,limited,2021-11-03_07-53-32
202108,unknown,partially_vaccinated,0,0,47,0,NA,CHFL,COVID19Cases,vaccine,all,limited,2021-11-03_07-53-32
202108,unknown,not_vaccinated,0,0,NA,NA,NA,CHFL,COVID19Cases,vaccine,all,limited,2021-11-03_07-53-32
202108,unknown,unknown,3,9,NA,NA,NA,CHFL,COVID19Cases,vaccine,all,limited,2021-11-03_07-53-32
202109,female,fully_vaccinated,3,20,193610,1.55,NA,CHFL,COVID19Cases,vaccine,all,limited,2021-11-03_07-53-32
202109,female,partially_vaccinated,14,87,159428,8.78,NA,CHFL,COVID19Cases,vaccine,all,limited,2021-11-03_07-53-32
202109,female,not_vaccinated,66,394,4034350,1.64,NA,CHFL,COVID19Cases,vaccine,all,limited,2021-11-03_07-53-32
202109,female,unknown,3713,23610,NA,NA,NA,CHFL,COVID19Cases,vaccine,all,limited,2021-11-03_07-53-32
202109,male,fully_vaccinated,5,14,148491,3.37,NA,CHFL,COVID19Cases,vaccine,all,limited,2021-11-03_07-53-32
202109,male,partially_vaccinated,6,48,120053,5,NA,CHFL,COVID19Cases,vaccine,all,limited,2021-11-03_07-53-32
202109,male,not_vaccinated,80,473,4053423,1.97,NA,CHFL,COVID19Cases,vaccine,all,limited,2021-11-03_07-53-32
202109,male,unknown,3697,22316,NA,NA,NA,CHFL,COVID19Cases,vaccine,all,limited,2021-11-03_07-53-32
202109,unknown,fully_vaccinated,0,0,36,0,NA,CHFL,COVID19Cases,vaccine,all,limited,2021-11-03_07-53-32
202109,unknown,partially_vaccinated,0,0,41,0,NA,CHFL,COVID19Cases,vaccine,all,limited,2021-11-03_07-53-32
202109,unknown,not_vaccinated,0,0,NA,NA,NA,CHFL,COVID19Cases,vaccine,all,limited,2021-11-03_07-53-32
202109,unknown,unknown,10,19,NA,NA,NA,CHFL,COVID19Cases,vaccine,all,limited,2021-11-03_07-53-32
202110,female,fully_vaccinated,15,35,229276,6.54,NA,CHFL,COVID19Cases,vaccine,all,limited,2021-11-03_07-53-32
202110,female,partially_vaccinated,11,98,174390,6.31,NA,CHFL,COVID19Cases,vaccine,all,limited,2021-11-03_07-53-32
202110,female,not_vaccinated,93,487,3983722,2.33,NA,CHFL,COVID19Cases,vaccine,all,limited,2021-11-03_07-53-32
202110,female,unknown,4359,27969,NA,NA,NA,CHFL,COVID19Cases,vaccine,all,limited,2021-11-03_07-53-32
202110,male,fully_vaccinated,9,23,175051,5.14,NA,CHFL,COVID19Cases,vaccine,all,limited,2021-11-03_07-53-32
202110,male,partially_vaccinated,5,53,132876,3.76,NA,CHFL,COVID19Cases,vaccine,all,limited,2021-11-03_07-53-32
202110,male,not_vaccinated,75,548,4014040,1.87,NA,CHFL,COVID19Cases,vaccine,all,limited,2021-11-03_07-53-32
202110,male,unknown,4234,26550,NA,NA,NA,CHFL,COVID19Cases,vaccine,all,limited,2021-11-03_07-53-32
202110,unknown,fully_vaccinated,0,0,45,0,NA,CHFL,COVID19Cases,vaccine,all,limited,2021-11-03_07-53-32
202110,unknown,partially_vaccinated,0,0,41,0,NA,CHFL,COVID19Cases,vaccine,all,limited,2021-11-03_07-53-32
202110,unknown,not_vaccinated,0,0,NA,NA,NA,CHFL,COVID19Cases,vaccine,all,limited,2021-11-03_07-53-32
202110,unknown,unknown,3,22,NA,NA,NA,CHFL,COVID19Cases,vaccine,all,limited,2021-11-03_07-53-32
202111,female,fully_vaccinated,17,52,273134,6.22,NA,CHFL,COVID19Cases,vaccine,all,limited,2021-11-03_07-53-32
202111,female,partially_vaccinated,2,100,172828,1.16,NA,CHFL,COVID19Cases,vaccine,all,limited,2021-11-03_07-53-32
202111,female,not_vaccinated,90,577,3941426,2.28,NA,CHFL,COVID19Cases,vaccine,all,limited,2021-11-03_07-53-32
202111,female,unknown,5206,33175,NA,NA,NA,CHFL,COVID19Cases,vaccine,all,limited,2021-11-03_07-53-32
202111,male,fully_vaccinated,11,34,204962,5.37,NA,CHFL,COVID19Cases,vaccine,all,limited,2021-11-03_07-53-32
202111,male,partially_vaccinated,19,72,138346,13.73,NA,CHFL,COVID19Cases,vaccine,all,limited,2021-11-03_07-53-32
202111,male,not_vaccinated,113,661,3978659,2.84,NA,CHFL,COVID19Cases,vaccine,all,limited,2021-11-03_07-53-32
202111,male,unknown,5048,31598,NA,NA,NA,CHFL,COVID19Cases,vaccine,all,limited,2021-11-03_07-53-32
202111,unknown,fully_vaccinated,0,0,63,0,NA,CHFL,COVID19Cases,vaccine,all,limited,2021-11-03_07-53-32
202111,unknown,partially_vaccinated,0,0,73,0,NA,CHFL,COVID19Cases,vaccine,all,limited,2021-11-03_07-53-32
202111,unknown,not_vaccinated,0,0,NA,NA,NA,CHFL,COVID19Cases,vaccine,all,limited,2021-11-03_07-53-32
202111,unknown,unknown,3,25,NA,NA,NA,CHFL,COVID19Cases,vaccine,all,limited,2021-11-03_07-53-32
202112,female,fully_vaccinated,14,66,312321,4.48,NA,CHFL,COVID19Cases,vaccine,all,limited,2021-11-03_07-53-32
202112,female,partially_vaccinated,5,105,195143,2.56,NA,CHFL,COVID19Cases,vaccine,all,limited,2021-11-03_07-53-32
202112,female,not_vaccinated,113,690,3879924,2.91,NA,CHFL,COVID19Cases,vaccine,all,limited,2021-11-03_07-53-32
202112,female,unknown,6113,39288,NA,NA,NA,CHFL,COVID19Cases,vaccine,all,limited,2021-11-03_07-53-32
202112,male,fully_vaccinated,13,47,235199,5.53,NA,CHFL,COVID19Cases,vaccine,all,limited,2021-11-03_07-53-32
202112,male,partially_vaccinated,6,78,160268,3.74,NA,CHFL,COVID19Cases,vaccine,all,limited,2021-11-03_07-53-32
202112,male,not_vaccinated,153,814,3926500,3.9,NA,CHFL,COVID19Cases,vaccine,all,limited,2021-11-03_07-53-32
202112,male,unknown,6143,37741,NA,NA,NA,CHFL,COVID19Cases,vaccine,all,limited,2021-11-03_07-53-32
202112,unknown,fully_vaccinated,0,0,68,0,NA,CHFL,COVID19Cases,vaccine,all,limited,2021-11-03_07-53-32
202112,unknown,partially_vaccinated,0,0,83,0,NA,CHFL,COVID19Cases,vaccine,all,limited,2021-11-03_07-53-32
202112,unknown,not_vaccinated,0,0,NA,NA,NA,CHFL,COVID19Cases,vaccine,all,limited,2021-11-03_07-53-32
202112,unknown,unknown,7,32,NA,NA,NA,CHFL,COVID19Cases,vaccine,all,limited,2021-11-03_07-53-32
202113,female,fully_vaccinated,24,90,349191,6.87,NA,CHFL,COVID19Cases,vaccine,all,limited,2021-11-03_07-53-32
202113,female,partially_vaccinated,7,112,217963,3.21,NA,CHFL,COVID19Cases,vaccine,all,limited,2021-11-03_07-53-32
202113,female,not_vaccinated,109,799,3820234,2.85,NA,CHFL,COVID19Cases,vaccine,all,limited,2021-11-03_07-53-32
202113,female,unknown,6081,45369,NA,NA,NA,CHFL,COVID19Cases,vaccine,all,limited,2021-11-03_07-53-32
202113,male,fully_vaccinated,18,65,264934,6.79,NA,CHFL,COVID19Cases,vaccine,all,limited,2021-11-03_07-53-32
202113,male,partially_vaccinated,10,88,180083,5.55,NA,CHFL,COVID19Cases,vaccine,all,limited,2021-11-03_07-53-32
202113,male,not_vaccinated,155,969,3876950,4,NA,CHFL,COVID19Cases,vaccine,all,limited,2021-11-03_07-53-32
202113,male,unknown,5914,43655,NA,NA,NA,CHFL,COVID19Cases,vaccine,all,limited,2021-11-03_07-53-32
202113,unknown,fully_vaccinated,0,0,73,0,NA,CHFL,COVID19Cases,vaccine,all,limited,2021-11-03_07-53-32
202113,unknown,partially_vaccinated,0,0,94,0,NA,CHFL,COVID19Cases,vaccine,all,limited,2021-11-03_07-53-32
202113,unknown,not_vaccinated,0,0,NA,NA,NA,CHFL,COVID19Cases,vaccine,all,limited,2021-11-03_07-53-32
202113,unknown,unknown,4,36,NA,NA,NA,CHFL,COVID19Cases,vaccine,all,limited,2021-11-03_07-53-32
202114,female,fully_vaccinated,24,114,398070,6.03,NA,CHFL,COVID19Cases,vaccine,all,limited,2021-11-03_07-53-32
202114,female,partially_vaccinated,16,128,235592,6.79,NA,CHFL,COVID19Cases,vaccine,all,limited,2021-11-03_07-53-32
202114,female,not_vaccinated,119,918,3753726,3.17,NA,CHFL,COVID19Cases,vaccine,all,limited,2021-11-03_07-53-32
202114,female,unknown,6942,52311,NA,NA,NA,CHFL,COVID19Cases,vaccine,all,limited,2021-11-03_07-53-32
202114,male,fully_vaccinated,19,84,303757,6.25,NA,CHFL,COVID19Cases,vaccine,all,limited,2021-11-03_07-53-32
202114,male,partially_vaccinated,13,101,199045,6.53,NA,CHFL,COVID19Cases,vaccine,all,limited,2021-11-03_07-53-32
202114,male,not_vaccinated,135,1104,3819165,3.53,NA,CHFL,COVID19Cases,vaccine,all,limited,2021-11-03_07-53-32
202114,male,unknown,6924,50579,NA,NA,NA,CHFL,COVID19Cases,vaccine,all,limited,2021-11-03_07-53-32
202114,unknown,fully_vaccinated,0,0,82,0,NA,CHFL,COVID19Cases,vaccine,all,limited,2021-11-03_07-53-32
202114,unknown,partially_vaccinated,0,0,114,0,NA,CHFL,COVID19Cases,vaccine,all,limited,2021-11-03_07-53-32
202114,unknown,not_vaccinated,0,0,NA,NA,NA,CHFL,COVID19Cases,vaccine,all,limited,2021-11-03_07-53-32
202114,unknown,unknown,4,40,NA,NA,NA,CHFL,COVID19Cases,vaccine,all,limited,2021-11-03_07-53-32
202115,female,fully_vaccinated,28,142,444614,6.3,NA,CHFL,COVID19Cases,vaccine,all,limited,2021-11-03_07-53-32
202115,female,partially_vaccinated,12,140,302878,3.96,NA,CHFL,COVID19Cases,vaccine,all,limited,2021-11-03_07-53-32
202115,female,not_vaccinated,118,1036,3639896,3.24,NA,CHFL,COVID19Cases,vaccine,all,limited,2021-11-03_07-53-32
202115,female,unknown,6742,59053,NA,NA,NA,CHFL,COVID19Cases,vaccine,all,limited,2021-11-03_07-53-32
202115,male,fully_vaccinated,17,101,342480,4.96,NA,CHFL,COVID19Cases,vaccine,all,limited,2021-11-03_07-53-32
202115,male,partially_vaccinated,14,115,259378,5.4,NA,CHFL,COVID19Cases,vaccine,all,limited,2021-11-03_07-53-32
202115,male,not_vaccinated,165,1269,3720109,4.44,NA,CHFL,COVID19Cases,vaccine,all,limited,2021-11-03_07-53-32
202115,male,unknown,7054,57633,NA,NA,NA,CHFL,COVID19Cases,vaccine,all,limited,2021-11-03_07-53-32
202115,unknown,fully_vaccinated,0,0,129,0,NA,CHFL,COVID19Cases,vaccine,all,limited,2021-11-03_07-53-32
202115,unknown,partially_vaccinated,0,0,111,0,NA,CHFL,COVID19Cases,vaccine,all,limited,2021-11-03_07-53-32
202115,unknown,not_vaccinated,0,0,NA,NA,NA,CHFL,COVID19Cases,vaccine,all,limited,2021-11-03_07-53-32
202115,unknown,unknown,0,40,NA,NA,NA,CHFL,COVID19Cases,vaccine,all,limited,2021-11-03_07-53-32
202116,female,fully_vaccinated,25,167,504268,4.96,NA,CHFL,COVID19Cases,vaccine,all,limited,2021-11-03_07-53-32
202116,female,partially_vaccinated,20,160,381633,5.24,NA,CHFL,COVID19Cases,vaccine,all,limited,2021-11-03_07-53-32
202116,female,not_vaccinated,130,1166,3501487,3.71,NA,CHFL,COVID19Cases,vaccine,all,limited,2021-11-03_07-53-32
202116,female,unknown,6940,65993,NA,NA,NA,CHFL,COVID19Cases,vaccine,all,limited,2021-11-03_07-53-32
202116,male,fully_vaccinated,20,121,393461,5.08,NA,CHFL,COVID19Cases,vaccine,all,limited,2021-11-03_07-53-32
202116,male,partially_vaccinated,23,138,331372,6.94,NA,CHFL,COVID19Cases,vaccine,all,limited,2021-11-03_07-53-32
202116,male,not_vaccinated,166,1435,3597134,4.61,NA,CHFL,COVID19Cases,vaccine,all,limited,2021-11-03_07-53-32
202116,male,unknown,7255,64888,NA,NA,NA,CHFL,COVID19Cases,vaccine,all,limited,2021-11-03_07-53-32
202116,unknown,fully_vaccinated,0,0,143,0,NA,CHFL,COVID19Cases,vaccine,all,limited,2021-11-03_07-53-32
202116,unknown,partially_vaccinated,0,0,157,0,NA,CHFL,COVID19Cases,vaccine,all,limited,2021-11-03_07-53-32
202116,unknown,not_vaccinated,0,0,NA,NA,NA,CHFL,COVID19Cases,vaccine,all,limited,2021-11-03_07-53-32
202116,unknown,unknown,2,42,NA,NA,NA,CHFL,COVID19Cases,vaccine,all,limited,2021-11-03_07-53-32
202117,female,fully_vaccinated,29,196,563271,5.15,NA,CHFL,COVID19Cases,vaccine,all,limited,2021-11-03_07-53-32
202117,female,partially_vaccinated,25,185,473598,5.28,NA,CHFL,COVID19Cases,vaccine,all,limited,2021-11-03_07-53-32
202117,female,not_vaccinated,78,1244,3350519,2.33,NA,CHFL,COVID19Cases,vaccine,all,limited,2021-11-03_07-53-32
202117,female,unknown,5733,71726,NA,NA,NA,CHFL,COVID19Cases,vaccine,all,limited,2021-11-03_07-53-32
202117,male,fully_vaccinated,19,140,442746,4.29,NA,CHFL,COVID19Cases,vaccine,all,limited,2021-11-03_07-53-32
202117,male,partially_vaccinated,24,162,418138,5.74,NA,CHFL,COVID19Cases,vaccine,all,limited,2021-11-03_07-53-32
202117,male,not_vaccinated,114,1549,3461083,3.29,NA,CHFL,COVID19Cases,vaccine,all,limited,2021-11-03_07-53-32
202117,male,unknown,5902,70790,NA,NA,NA,CHFL,COVID19Cases,vaccine,all,limited,2021-11-03_07-53-32
202117,unknown,fully_vaccinated,0,0,157,0,NA,CHFL,COVID19Cases,vaccine,all,limited,2021-11-03_07-53-32
202117,unknown,partially_vaccinated,0,0,208,0,NA,CHFL,COVID19Cases,vaccine,all,limited,2021-11-03_07-53-32
202117,unknown,not_vaccinated,0,0,NA,NA,NA,CHFL,COVID19Cases,vaccine,all,limited,2021-11-03_07-53-32
202117,unknown,unknown,1,43,NA,NA,NA,CHFL,COVID19Cases,vaccine,all,limited,2021-11-03_07-53-32
202118,female,fully_vaccinated,22,218,636802,3.45,NA,CHFL,COVID19Cases,vaccine,all,limited,2021-11-03_07-53-32
202118,female,partially_vaccinated,16,201,570734,2.8,NA,CHFL,COVID19Cases,vaccine,all,limited,2021-11-03_07-53-32
202118,female,not_vaccinated,88,1332,3179852,2.77,NA,CHFL,COVID19Cases,vaccine,all,limited,2021-11-03_07-53-32
202118,female,unknown,5063,76789,NA,NA,NA,CHFL,COVID19Cases,vaccine,all,limited,2021-11-03_07-53-32
202118,male,fully_vaccinated,14,154,506186,2.77,NA,CHFL,COVID19Cases,vaccine,all,limited,2021-11-03_07-53-32
202118,male,partially_vaccinated,23,185,508998,4.52,NA,CHFL,COVID19Cases,vaccine,all,limited,2021-11-03_07-53-32
202118,male,not_vaccinated,88,1637,3306783,2.66,NA,CHFL,COVID19Cases,vaccine,all,limited,2021-11-03_07-53-32
202118,male,unknown,5012,75802,NA,NA,NA,CHFL,COVID19Cases,vaccine,all,limited,2021-11-03_07-53-32
202118,unknown,fully_vaccinated,0,0,185,0,NA,CHFL,COVID19Cases,vaccine,all,limited,2021-11-03_07-53-32
202118,unknown,partially_vaccinated,0,0,278,0,NA,CHFL,COVID19Cases,vaccine,all,limited,2021-11-03_07-53-32
202118,unknown,not_vaccinated,0,0,NA,NA,NA,CHFL,COVID19Cases,vaccine,all,limited,2021-11-03_07-53-32
202118,unknown,unknown,4,47,NA,NA,NA,CHFL,COVID19Cases,vaccine,all,limited,2021-11-03_07-53-32
202119,female,fully_vaccinated,17,235,738495,2.3,NA,CHFL,COVID19Cases,vaccine,all,limited,2021-11-03_07-53-32
202119,female,partially_vaccinated,15,216,612760,2.45,NA,CHFL,COVID19Cases,vaccine,all,limited,2021-11-03_07-53-32
202119,female,not_vaccinated,64,1396,3036133,2.11,NA,CHFL,COVID19Cases,vaccine,all,limited,2021-11-03_07-53-32
202119,female,unknown,3829,80618,NA,NA,NA,CHFL,COVID19Cases,vaccine,all,limited,2021-11-03_07-53-32
202119,male,fully_vaccinated,9,163,595921,1.51,NA,CHFL,COVID19Cases,vaccine,all,limited,2021-11-03_07-53-32
202119,male,partially_vaccinated,11,196,563089,1.95,NA,CHFL,COVID19Cases,vaccine,all,limited,2021-11-03_07-53-32
202119,male,not_vaccinated,64,1701,3162957,2.02,NA,CHFL,COVID19Cases,vaccine,all,limited,2021-11-03_07-53-32
202119,male,unknown,3839,79641,NA,NA,NA,CHFL,COVID19Cases,vaccine,all,limited,2021-11-03_07-53-32
202119,unknown,fully_vaccinated,0,0,221,0,NA,CHFL,COVID19Cases,vaccine,all,limited,2021-11-03_07-53-32
202119,unknown,partially_vaccinated,0,0,314,0,NA,CHFL,COVID19Cases,vaccine,all,limited,2021-11-03_07-53-32
202119,unknown,not_vaccinated,0,0,NA,NA,NA,CHFL,COVID19Cases,vaccine,all,limited,2021-11-03_07-53-32
202119,unknown,unknown,5,52,NA,NA,NA,CHFL,COVID19Cases,vaccine,all,limited,2021-11-03_07-53-32
202120,female,fully_vaccinated,24,259,878514,2.73,NA,CHFL,COVID19Cases,vaccine,all,limited,2021-11-03_07-53-32
202120,female,partially_vaccinated,10,226,631329,1.58,NA,CHFL,COVID19Cases,vaccine,all,limited,2021-11-03_07-53-32
202120,female,not_vaccinated,64,1460,2877545,2.22,NA,CHFL,COVID19Cases,vaccine,all,limited,2021-11-03_07-53-32
202120,female,unknown,3621,84239,NA,NA,NA,CHFL,COVID19Cases,vaccine,all,limited,2021-11-03_07-53-32
202120,male,fully_vaccinated,15,178,721209,2.08,NA,CHFL,COVID19Cases,vaccine,all,limited,2021-11-03_07-53-32
202120,male,partially_vaccinated,13,209,598114,2.17,NA,CHFL,COVID19Cases,vaccine,all,limited,2021-11-03_07-53-32
202120,male,not_vaccinated,61,1762,3002644,2.03,NA,CHFL,COVID19Cases,vaccine,all,limited,2021-11-03_07-53-32
202120,male,unknown,3545,83186,NA,NA,NA,CHFL,COVID19Cases,vaccine,all,limited,2021-11-03_07-53-32
202120,unknown,fully_vaccinated,0,0,276,0,NA,CHFL,COVID19Cases,vaccine,all,limited,2021-11-03_07-53-32
202120,unknown,partially_vaccinated,0,0,331,0,NA,CHFL,COVID19Cases,vaccine,all,limited,2021-11-03_07-53-32
202120,unknown,not_vaccinated,0,0,NA,NA,NA,CHFL,COVID19Cases,vaccine,all,limited,2021-11-03_07-53-32
202120,unknown,unknown,2,54,NA,NA,NA,CHFL,COVID19Cases,vaccine,all,limited,2021-11-03_07-53-32
202121,female,fully_vaccinated,21,280,1023075,2.05,NA,CHFL,COVID19Cases,vaccine,all,limited,2021-11-03_07-53-32
202121,female,partially_vaccinated,11,237,628172,1.75,NA,CHFL,COVID19Cases,vaccine,all,limited,2021-11-03_07-53-32
202121,female,not_vaccinated,34,1494,2736141,1.24,NA,CHFL,COVID19Cases,vaccine,all,limited,2021-11-03_07-53-32
202121,female,unknown,2511,86750,NA,NA,NA,CHFL,COVID19Cases,vaccine,all,limited,2021-11-03_07-53-32
202121,male,fully_vaccinated,13,191,851884,1.53,NA,CHFL,COVID19Cases,vaccine,all,limited,2021-11-03_07-53-32
202121,male,partially_vaccinated,4,213,620377,0.64,NA,CHFL,COVID19Cases,vaccine,all,limited,2021-11-03_07-53-32
202121,male,not_vaccinated,44,1806,2849706,1.54,NA,CHFL,COVID19Cases,vaccine,all,limited,2021-11-03_07-53-32
202121,male,unknown,2478,85664,NA,NA,NA,CHFL,COVID19Cases,vaccine,all,limited,2021-11-03_07-53-32
202121,unknown,fully_vaccinated,1,1,341,293.26,NA,CHFL,COVID19Cases,vaccine,all,limited,2021-11-03_07-53-32
202121,unknown,partially_vaccinated,0,0,361,0,NA,CHFL,COVID19Cases,vaccine,all,limited,2021-11-03_07-53-32
202121,unknown,not_vaccinated,0,0,NA,NA,NA,CHFL,COVID19Cases,vaccine,all,limited,2021-11-03_07-53-32
202121,unknown,unknown,2,56,NA,NA,NA,CHFL,COVID19Cases,vaccine,all,limited,2021-11-03_07-53-32
202122,female,fully_vaccinated,9,289,1187505,0.76,NA,CHFL,COVID19Cases,vaccine,all,limited,2021-11-03_07-53-32
202122,female,partially_vaccinated,4,241,626235,0.64,NA,CHFL,COVID19Cases,vaccine,all,limited,2021-11-03_07-53-32
202122,female,not_vaccinated,26,1520,2573648,1.01,NA,CHFL,COVID19Cases,vaccine,all,limited,2021-11-03_07-53-32
202122,female,unknown,1717,88467,NA,NA,NA,CHFL,COVID19Cases,vaccine,all,limited,2021-11-03_07-53-32
202122,male,fully_vaccinated,15,206,1000607,1.5,NA,CHFL,COVID19Cases,vaccine,all,limited,2021-11-03_07-53-32
202122,male,partially_vaccinated,6,219,648681,0.92,NA,CHFL,COVID19Cases,vaccine,all,limited,2021-11-03_07-53-32
202122,male,not_vaccinated,33,1839,2672679,1.23,NA,CHFL,COVID19Cases,vaccine,all,limited,2021-11-03_07-53-32
202122,male,unknown,1715,87379,NA,NA,NA,CHFL,COVID19Cases,vaccine,all,limited,2021-11-03_07-53-32
202122,unknown,fully_vaccinated,0,1,430,0,NA,CHFL,COVID19Cases,vaccine,all,limited,2021-11-03_07-53-32
202122,unknown,partially_vaccinated,0,0,382,0,NA,CHFL,COVID19Cases,vaccine,all,limited,2021-11-03_07-53-32
202122,unknown,not_vaccinated,0,0,NA,NA,NA,CHFL,COVID19Cases,vaccine,all,limited,2021-11-03_07-53-32
202122,unknown,unknown,0,56,NA,NA,NA,CHFL,COVID19Cases,vaccine,all,limited,2021-11-03_07-53-32
202123,female,fully_vaccinated,11,300,1342911,0.82,NA,CHFL,COVID19Cases,vaccine,all,limited,2021-11-03_07-53-32
202123,female,partially_vaccinated,7,248,640973,1.09,NA,CHFL,COVID19Cases,vaccine,all,limited,2021-11-03_07-53-32
202123,female,not_vaccinated,11,1531,2403504,0.46,NA,CHFL,COVID19Cases,vaccine,all,limited,2021-11-03_07-53-32
202123,female,unknown,1119,89586,NA,NA,NA,CHFL,COVID19Cases,vaccine,all,limited,2021-11-03_07-53-32
202123,male,fully_vaccinated,19,225,1152115,1.65,NA,CHFL,COVID19Cases,vaccine,all,limited,2021-11-03_07-53-32
202123,male,partially_vaccinated,7,226,683746,1.02,NA,CHFL,COVID19Cases,vaccine,all,limited,2021-11-03_07-53-32
202123,male,not_vaccinated,17,1856,2486106,0.68,NA,CHFL,COVID19Cases,vaccine,all,limited,2021-11-03_07-53-32
202123,male,unknown,1125,88504,NA,NA,NA,CHFL,COVID19Cases,vaccine,all,limited,2021-11-03_07-53-32
202123,unknown,fully_vaccinated,0,1,493,0,NA,CHFL,COVID19Cases,vaccine,all,limited,2021-11-03_07-53-32
202123,unknown,partially_vaccinated,0,0,463,0,NA,CHFL,COVID19Cases,vaccine,all,limited,2021-11-03_07-53-32
202123,unknown,not_vaccinated,0,0,NA,NA,NA,CHFL,COVID19Cases,vaccine,all,limited,2021-11-03_07-53-32
202123,unknown,unknown,0,56,NA,NA,NA,CHFL,COVID19Cases,vaccine,all,limited,2021-11-03_07-53-32
202124,female,fully_vaccinated,6,306,1499003,0.4,NA,CHFL,COVID19Cases,vaccine,all,limited,2021-11-03_07-53-32
202124,female,partially_vaccinated,2,250,631739,0.32,NA,CHFL,COVID19Cases,vaccine,all,limited,2021-11-03_07-53-32
202124,female,not_vaccinated,7,1538,2256646,0.31,NA,CHFL,COVID19Cases,vaccine,all,limited,2021-11-03_07-53-32
202124,female,unknown,591,90177,NA,NA,NA,CHFL,COVID19Cases,vaccine,all,limited,2021-11-03_07-53-32
202124,male,fully_vaccinated,8,233,1310699,0.61,NA,CHFL,COVID19Cases,vaccine,all,limited,2021-11-03_07-53-32
202124,male,partially_vaccinated,4,230,688757,0.58,NA,CHFL,COVID19Cases,vaccine,all,limited,2021-11-03_07-53-32
202124,male,not_vaccinated,11,1867,2322511,0.47,NA,CHFL,COVID19Cases,vaccine,all,limited,2021-11-03_07-53-32
202124,male,unknown,611,89115,NA,NA,NA,CHFL,COVID19Cases,vaccine,all,limited,2021-11-03_07-53-32
202124,unknown,fully_vaccinated,0,1,575,0,NA,CHFL,COVID19Cases,vaccine,all,limited,2021-11-03_07-53-32
202124,unknown,partially_vaccinated,0,0,559,0,NA,CHFL,COVID19Cases,vaccine,all,limited,2021-11-03_07-53-32
202124,unknown,not_vaccinated,0,0,NA,NA,NA,CHFL,COVID19Cases,vaccine,all,limited,2021-11-03_07-53-32
202124,unknown,unknown,0,56,NA,NA,NA,CHFL,COVID19Cases,vaccine,all,limited,2021-11-03_07-53-32
202125,female,fully_vaccinated,5,311,1647116,0.3,NA,CHFL,COVID19Cases,vaccine,all,limited,2021-11-03_07-53-32
202125,female,partially_vaccinated,1,251,593147,0.17,NA,CHFL,COVID19Cases,vaccine,all,limited,2021-11-03_07-53-32
202125,female,not_vaccinated,4,1542,2147125,0.19,NA,CHFL,COVID19Cases,vaccine,all,limited,2021-11-03_07-53-32
202125,female,unknown,329,90506,NA,NA,NA,CHFL,COVID19Cases,vaccine,all,limited,2021-11-03_07-53-32
202125,male,fully_vaccinated,3,236,1470611,0.2,NA,CHFL,COVID19Cases,vaccine,all,limited,2021-11-03_07-53-32
202125,male,partially_vaccinated,3,233,651495,0.46,NA,CHFL,COVID19Cases,vaccine,all,limited,2021-11-03_07-53-32
202125,male,not_vaccinated,9,1876,2199861,0.41,NA,CHFL,COVID19Cases,vaccine,all,limited,2021-11-03_07-53-32
202125,male,unknown,396,89511,NA,NA,NA,CHFL,COVID19Cases,vaccine,all,limited,2021-11-03_07-53-32
202125,unknown,fully_vaccinated,0,1,674,0,NA,CHFL,COVID19Cases,vaccine,all,limited,2021-11-03_07-53-32
202125,unknown,partially_vaccinated,0,0,624,0,NA,CHFL,COVID19Cases,vaccine,all,limited,2021-11-03_07-53-32
202125,unknown,not_vaccinated,0,0,NA,NA,NA,CHFL,COVID19Cases,vaccine,all,limited,2021-11-03_07-53-32
202125,unknown,unknown,0,56,NA,NA,NA,CHFL,COVID19Cases,vaccine,all,limited,2021-11-03_07-53-32
202126,female,fully_vaccinated,7,318,1806880,0.39,NA,CHFL,COVID19Cases,vaccine,all,intermediate,2021-11-03_07-53-32
202126,female,partially_vaccinated,2,253,495462,0.4,NA,CHFL,COVID19Cases,vaccine,all,intermediate,2021-11-03_07-53-32
202126,female,not_vaccinated,7,1549,2085046,0.34,NA,CHFL,COVID19Cases,vaccine,all,intermediate,2021-11-03_07-53-32
202126,female,unknown,432,90938,NA,NA,NA,CHFL,COVID19Cases,vaccine,all,intermediate,2021-11-03_07-53-32
202126,male,fully_vaccinated,3,239,1644995,0.18,NA,CHFL,COVID19Cases,vaccine,all,intermediate,2021-11-03_07-53-32
202126,male,partially_vaccinated,2,235,543344,0.37,NA,CHFL,COVID19Cases,vaccine,all,intermediate,2021-11-03_07-53-32
202126,male,not_vaccinated,6,1882,2133628,0.28,NA,CHFL,COVID19Cases,vaccine,all,intermediate,2021-11-03_07-53-32
202126,male,unknown,578,90089,NA,NA,NA,CHFL,COVID19Cases,vaccine,all,intermediate,2021-11-03_07-53-32
202126,unknown,fully_vaccinated,0,1,780,0,NA,CHFL,COVID19Cases,vaccine,all,intermediate,2021-11-03_07-53-32
202126,unknown,partially_vaccinated,0,0,597,0,NA,CHFL,COVID19Cases,vaccine,all,intermediate,2021-11-03_07-53-32
202126,unknown,not_vaccinated,0,0,NA,NA,NA,CHFL,COVID19Cases,vaccine,all,intermediate,2021-11-03_07-53-32
202126,unknown,unknown,0,56,NA,NA,NA,CHFL,COVID19Cases,vaccine,all,intermediate,2021-11-03_07-53-32
202127,female,fully_vaccinated,15,333,1966963,0.76,NA,CHFL,COVID19Cases,vaccine,all,intermediate,2021-11-03_07-53-32
202127,female,partially_vaccinated,4,257,377654,1.06,NA,CHFL,COVID19Cases,vaccine,all,intermediate,2021-11-03_07-53-32
202127,female,not_vaccinated,11,1560,2042771,0.54,NA,CHFL,COVID19Cases,vaccine,all,intermediate,2021-11-03_07-53-32
202127,female,unknown,888,91826,NA,NA,NA,CHFL,COVID19Cases,vaccine,all,intermediate,2021-11-03_07-53-32
202127,male,fully_vaccinated,17,256,1820881,0.93,NA,CHFL,COVID19Cases,vaccine,all,intermediate,2021-11-03_07-53-32
202127,male,partially_vaccinated,2,237,412238,0.49,NA,CHFL,COVID19Cases,vaccine,all,intermediate,2021-11-03_07-53-32
202127,male,not_vaccinated,14,1896,2088848,0.67,NA,CHFL,COVID19Cases,vaccine,all,intermediate,2021-11-03_07-53-32
202127,male,unknown,1109,91198,NA,NA,NA,CHFL,COVID19Cases,vaccine,all,intermediate,2021-11-03_07-53-32
202127,unknown,fully_vaccinated,0,1,907,0,NA,CHFL,COVID19Cases,vaccine,all,intermediate,2021-11-03_07-53-32
202127,unknown,partially_vaccinated,0,0,520,0,NA,CHFL,COVID19Cases,vaccine,all,intermediate,2021-11-03_07-53-32
202127,unknown,not_vaccinated,0,0,NA,NA,NA,CHFL,COVID19Cases,vaccine,all,intermediate,2021-11-03_07-53-32
202127,unknown,unknown,0,56,NA,NA,NA,CHFL,COVID19Cases,vaccine,all,intermediate,2021-11-03_07-53-32
202128,female,fully_vaccinated,28,361,2106805,1.33,NA,CHFL,COVID19Cases,vaccine,all,intermediate,2021-11-03_07-53-32
202128,female,partially_vaccinated,5,262,274667,1.82,NA,CHFL,COVID19Cases,vaccine,all,intermediate,2021-11-03_07-53-32
202128,female,not_vaccinated,26,1586,2005916,1.3,NA,CHFL,COVID19Cases,vaccine,all,intermediate,2021-11-03_07-53-32
202128,female,unknown,1699,93525,NA,NA,NA,CHFL,COVID19Cases,vaccine,all,intermediate,2021-11-03_07-53-32
202128,male,fully_vaccinated,28,284,1977665,1.42,NA,CHFL,COVID19Cases,vaccine,all,intermediate,2021-11-03_07-53-32
202128,male,partially_vaccinated,6,243,293689,2.04,NA,CHFL,COVID19Cases,vaccine,all,intermediate,2021-11-03_07-53-32
202128,male,not_vaccinated,30,1926,2050613,1.46,NA,CHFL,COVID19Cases,vaccine,all,intermediate,2021-11-03_07-53-32
202128,male,unknown,1987,93185,NA,NA,NA,CHFL,COVID19Cases,vaccine,all,intermediate,2021-11-03_07-53-32
202128,unknown,fully_vaccinated,0,1,1069,0,NA,CHFL,COVID19Cases,vaccine,all,intermediate,2021-11-03_07-53-32
202128,unknown,partially_vaccinated,0,0,394,0,NA,CHFL,COVID19Cases,vaccine,all,intermediate,2021-11-03_07-53-32
202128,unknown,not_vaccinated,0,0,NA,NA,NA,CHFL,COVID19Cases,vaccine,all,intermediate,2021-11-03_07-53-32
202128,unknown,unknown,0,56,NA,NA,NA,CHFL,COVID19Cases,vaccine,all,intermediate,2021-11-03_07-53-32
202129,female,fully_vaccinated,62,423,2213939,2.8,NA,CHFL,COVID19Cases,vaccine,all,intermediate,2021-11-03_07-53-32
202129,female,partially_vaccinated,8,270,202511,3.95,NA,CHFL,COVID19Cases,vaccine,all,intermediate,2021-11-03_07-53-32
202129,female,not_vaccinated,26,1612,1970938,1.32,NA,CHFL,COVID19Cases,vaccine,all,intermediate,2021-11-03_07-53-32
202129,female,unknown,2299,95824,NA,NA,NA,CHFL,COVID19Cases,vaccine,all,intermediate,2021-11-03_07-53-32
202129,male,fully_vaccinated,43,327,2098976,2.05,NA,CHFL,COVID19Cases,vaccine,all,intermediate,2021-11-03_07-53-32
202129,male,partially_vaccinated,7,250,208524,3.36,NA,CHFL,COVID19Cases,vaccine,all,intermediate,2021-11-03_07-53-32
202129,male,not_vaccinated,35,1961,2014467,1.74,NA,CHFL,COVID19Cases,vaccine,all,intermediate,2021-11-03_07-53-32
202129,male,unknown,2487,95672,NA,NA,NA,CHFL,COVID19Cases,vaccine,all,intermediate,2021-11-03_07-53-32
202129,unknown,fully_vaccinated,0,1,1211,0,NA,CHFL,COVID19Cases,vaccine,all,intermediate,2021-11-03_07-53-32
202129,unknown,partially_vaccinated,0,0,285,0,NA,CHFL,COVID19Cases,vaccine,all,intermediate,2021-11-03_07-53-32
202129,unknown,not_vaccinated,0,0,NA,NA,NA,CHFL,COVID19Cases,vaccine,all,intermediate,2021-11-03_07-53-32
202129,unknown,unknown,0,56,NA,NA,NA,CHFL,COVID19Cases,vaccine,all,intermediate,2021-11-03_07-53-32
202130,female,fully_vaccinated,83,506,2274131,3.65,NA,CHFL,COVID19Cases,vaccine,all,intermediate,2021-11-03_07-53-32
202130,female,partially_vaccinated,13,283,175092,7.42,NA,CHFL,COVID19Cases,vaccine,all,intermediate,2021-11-03_07-53-32
202130,female,not_vaccinated,48,1660,1938165,2.48,NA,CHFL,COVID19Cases,vaccine,all,intermediate,2021-11-03_07-53-32
202130,female,unknown,2372,98196,NA,NA,NA,CHFL,COVID19Cases,vaccine,all,intermediate,2021-11-03_07-53-32
202130,male,fully_vaccinated,66,393,2164398,3.05,NA,CHFL,COVID19Cases,vaccine,all,intermediate,2021-11-03_07-53-32
202130,male,partially_vaccinated,12,262,177251,6.77,NA,CHFL,COVID19Cases,vaccine,all,intermediate,2021-11-03_07-53-32
202130,male,not_vaccinated,61,2022,1980318,3.08,NA,CHFL,COVID19Cases,vaccine,all,intermediate,2021-11-03_07-53-32
202130,male,unknown,2597,98269,NA,NA,NA,CHFL,COVID19Cases,vaccine,all,intermediate,2021-11-03_07-53-32
202130,unknown,fully_vaccinated,0,1,1292,0,NA,CHFL,COVID19Cases,vaccine,all,intermediate,2021-11-03_07-53-32
202130,unknown,partially_vaccinated,0,0,240,0,NA,CHFL,COVID19Cases,vaccine,all,intermediate,2021-11-03_07-53-32
202130,unknown,not_vaccinated,0,0,NA,NA,NA,CHFL,COVID19Cases,vaccine,all,intermediate,2021-11-03_07-53-32
202130,unknown,unknown,11,67,NA,NA,NA,CHFL,COVID19Cases,vaccine,all,intermediate,2021-11-03_07-53-32
202131,female,fully_vaccinated,116,622,2316248,5.01,NA,CHFL,COVID19Cases,vaccine,all,intermediate,2021-11-03_07-53-32
202131,female,partially_vaccinated,17,300,159570,10.65,NA,CHFL,COVID19Cases,vaccine,all,intermediate,2021-11-03_07-53-32
202131,female,not_vaccinated,96,1756,1911570,5.02,NA,CHFL,COVID19Cases,vaccine,all,intermediate,2021-11-03_07-53-32
202131,female,unknown,3459,101655,NA,NA,NA,CHFL,COVID19Cases,vaccine,all,intermediate,2021-11-03_07-53-32
202131,male,fully_vaccinated,113,506,2208842,5.12,NA,CHFL,COVID19Cases,vaccine,all,intermediate,2021-11-03_07-53-32
202131,male,partially_vaccinated,13,275,160827,8.08,NA,CHFL,COVID19Cases,vaccine,all,intermediate,2021-11-03_07-53-32
202131,male,not_vaccinated,90,2112,1952298,4.61,NA,CHFL,COVID19Cases,vaccine,all,intermediate,2021-11-03_07-53-32
202131,male,unknown,3729,101998,NA,NA,NA,CHFL,COVID19Cases,vaccine,all,intermediate,2021-11-03_07-53-32
202131,unknown,fully_vaccinated,0,1,1338,0,NA,CHFL,COVID19Cases,vaccine,all,intermediate,2021-11-03_07-53-32
202131,unknown,partially_vaccinated,0,0,210,0,NA,CHFL,COVID19Cases,vaccine,all,intermediate,2021-11-03_07-53-32
202131,unknown,not_vaccinated,0,0,NA,NA,NA,CHFL,COVID19Cases,vaccine,all,intermediate,2021-11-03_07-53-32
202131,unknown,unknown,1,68,NA,NA,NA,CHFL,COVID19Cases,vaccine,all,intermediate,2021-11-03_07-53-32
202132,female,fully_vaccinated,198,820,2354195,8.41,NA,CHFL,COVID19Cases,vaccine,all,intermediate,2021-11-03_07-53-32
202132,female,partially_vaccinated,23,323,152993,15.03,NA,CHFL,COVID19Cases,vaccine,all,intermediate,2021-11-03_07-53-32
202132,female,not_vaccinated,179,1935,1880200,9.52,NA,CHFL,COVID19Cases,vaccine,all,intermediate,2021-11-03_07-53-32
202132,female,unknown,6615,108270,NA,NA,NA,CHFL,COVID19Cases,vaccine,all,intermediate,2021-11-03_07-53-32
202132,male,fully_vaccinated,151,657,2248004,6.72,NA,CHFL,COVID19Cases,vaccine,all,intermediate,2021-11-03_07-53-32
202132,male,partially_vaccinated,24,299,153859,15.6,NA,CHFL,COVID19Cases,vaccine,all,intermediate,2021-11-03_07-53-32
202132,male,not_vaccinated,188,2300,1920104,9.79,NA,CHFL,COVID19Cases,vaccine,all,intermediate,2021-11-03_07-53-32
202132,male,unknown,6825,108823,NA,NA,NA,CHFL,COVID19Cases,vaccine,all,intermediate,2021-11-03_07-53-32
202132,unknown,fully_vaccinated,0,1,1370,0,NA,CHFL,COVID19Cases,vaccine,all,intermediate,2021-11-03_07-53-32
202132,unknown,partially_vaccinated,0,0,203,0,NA,CHFL,COVID19Cases,vaccine,all,intermediate,2021-11-03_07-53-32
202132,unknown,not_vaccinated,0,0,NA,NA,NA,CHFL,COVID19Cases,vaccine,all,intermediate,2021-11-03_07-53-32
202132,unknown,unknown,7,75,NA,NA,NA,CHFL,COVID19Cases,vaccine,all,intermediate,2021-11-03_07-53-32
202133,female,fully_vaccinated,242,1062,2391904,10.12,NA,CHFL,COVID19Cases,vaccine,all,intermediate,2021-11-03_07-53-32
202133,female,partially_vaccinated,33,356,151924,21.72,NA,CHFL,COVID19Cases,vaccine,all,intermediate,2021-11-03_07-53-32
202133,female,not_vaccinated,198,2133,1843560,10.74,NA,CHFL,COVID19Cases,vaccine,all,intermediate,2021-11-03_07-53-32
202133,female,unknown,8586,116856,NA,NA,NA,CHFL,COVID19Cases,vaccine,all,intermediate,2021-11-03_07-53-32
202133,male,fully_vaccinated,190,847,2287026,8.31,NA,CHFL,COVID19Cases,vaccine,all,intermediate,2021-11-03_07-53-32
202133,male,partially_vaccinated,45,344,151721,29.66,NA,CHFL,COVID19Cases,vaccine,all,intermediate,2021-11-03_07-53-32
202133,male,not_vaccinated,220,2520,1883220,11.68,NA,CHFL,COVID19Cases,vaccine,all,intermediate,2021-11-03_07-53-32
202133,male,unknown,8498,117321,NA,NA,NA,CHFL,COVID19Cases,vaccine,all,intermediate,2021-11-03_07-53-32
202133,unknown,fully_vaccinated,0,1,1399,0,NA,CHFL,COVID19Cases,vaccine,all,intermediate,2021-11-03_07-53-32
202133,unknown,partially_vaccinated,0,0,208,0,NA,CHFL,COVID19Cases,vaccine,all,intermediate,2021-11-03_07-53-32
202133,unknown,not_vaccinated,0,0,NA,NA,NA,CHFL,COVID19Cases,vaccine,all,intermediate,2021-11-03_07-53-32
202133,unknown,unknown,3,78,NA,NA,NA,CHFL,COVID19Cases,vaccine,all,intermediate,2021-11-03_07-53-32
202134,female,fully_vaccinated,198,1260,2428735,8.15,NA,CHFL,COVID19Cases,vaccine,all,intermediate,2021-11-03_07-53-32
202134,female,partially_vaccinated,30,386,162089,18.51,NA,CHFL,COVID19Cases,vaccine,all,intermediate,2021-11-03_07-53-32
202134,female,not_vaccinated,156,2289,1796564,8.68,NA,CHFL,COVID19Cases,vaccine,all,intermediate,2021-11-03_07-53-32
202134,female,unknown,8559,125415,NA,NA,NA,CHFL,COVID19Cases,vaccine,all,intermediate,2021-11-03_07-53-32
202134,male,fully_vaccinated,180,1027,2325133,7.74,NA,CHFL,COVID19Cases,vaccine,all,intermediate,2021-11-03_07-53-32
202134,male,partially_vaccinated,29,373,159911,18.14,NA,CHFL,COVID19Cases,vaccine,all,intermediate,2021-11-03_07-53-32
202134,male,not_vaccinated,224,2744,1836923,12.19,NA,CHFL,COVID19Cases,vaccine,all,intermediate,2021-11-03_07-53-32
202134,male,unknown,8544,125865,NA,NA,NA,CHFL,COVID19Cases,vaccine,all,intermediate,2021-11-03_07-53-32
202134,unknown,fully_vaccinated,1,2,1433,69.78,NA,CHFL,COVID19Cases,vaccine,all,intermediate,2021-11-03_07-53-32
202134,unknown,partially_vaccinated,0,0,212,0,NA,CHFL,COVID19Cases,vaccine,all,intermediate,2021-11-03_07-53-32
202134,unknown,not_vaccinated,0,0,NA,NA,NA,CHFL,COVID19Cases,vaccine,all,intermediate,2021-11-03_07-53-32
202134,unknown,unknown,2,80,NA,NA,NA,CHFL,COVID19Cases,vaccine,all,intermediate,2021-11-03_07-53-32
202135,female,fully_vaccinated,214,1474,2459101,8.7,NA,CHFL,COVID19Cases,vaccine,all,intermediate,2021-11-03_07-53-32
202135,female,partially_vaccinated,22,408,183380,12,NA,CHFL,COVID19Cases,vaccine,all,intermediate,2021-11-03_07-53-32
202135,female,not_vaccinated,145,2434,1744907,8.31,NA,CHFL,COVID19Cases,vaccine,all,intermediate,2021-11-03_07-53-32
202135,female,unknown,9159,134574,NA,NA,NA,CHFL,COVID19Cases,vaccine,all,intermediate,2021-11-03_07-53-32
202135,male,fully_vaccinated,184,1211,2356606,7.81,NA,CHFL,COVID19Cases,vaccine,all,intermediate,2021-11-03_07-53-32
202135,male,partially_vaccinated,30,403,179811,16.68,NA,CHFL,COVID19Cases,vaccine,all,intermediate,2021-11-03_07-53-32
202135,male,not_vaccinated,157,2901,1785550,8.79,NA,CHFL,COVID19Cases,vaccine,all,intermediate,2021-11-03_07-53-32
202135,male,unknown,8911,134776,NA,NA,NA,CHFL,COVID19Cases,vaccine,all,intermediate,2021-11-03_07-53-32
202135,unknown,fully_vaccinated,1,3,1457,68.63,NA,CHFL,COVID19Cases,vaccine,all,intermediate,2021-11-03_07-53-32
202135,unknown,partially_vaccinated,0,0,224,0,NA,CHFL,COVID19Cases,vaccine,all,intermediate,2021-11-03_07-53-32
202135,unknown,not_vaccinated,0,0,NA,NA,NA,CHFL,COVID19Cases,vaccine,all,intermediate,2021-11-03_07-53-32
202135,unknown,unknown,8,88,NA,NA,NA,CHFL,COVID19Cases,vaccine,all,intermediate,2021-11-03_07-53-32
202136,female,fully_vaccinated,193,1667,2494946,7.74,NA,CHFL,COVID19Cases,vaccine,all,intermediate,2021-11-03_07-53-32
202136,female,partially_vaccinated,22,430,212458,10.35,NA,CHFL,COVID19Cases,vaccine,all,intermediate,2021-11-03_07-53-32
202136,female,not_vaccinated,138,2572,1679984,8.21,NA,CHFL,COVID19Cases,vaccine,all,intermediate,2021-11-03_07-53-32
202136,female,unknown,8764,143338,NA,NA,NA,CHFL,COVID19Cases,vaccine,all,intermediate,2021-11-03_07-53-32
202136,male,fully_vaccinated,169,1380,2393236,7.06,NA,CHFL,COVID19Cases,vaccine,all,intermediate,2021-11-03_07-53-32
202136,male,partially_vaccinated,28,431,211817,13.22,NA,CHFL,COVID19Cases,vaccine,all,intermediate,2021-11-03_07-53-32
202136,male,not_vaccinated,125,3026,1716914,7.28,NA,CHFL,COVID19Cases,vaccine,all,intermediate,2021-11-03_07-53-32
202136,male,unknown,8743,143519,NA,NA,NA,CHFL,COVID19Cases,vaccine,all,intermediate,2021-11-03_07-53-32
202136,unknown,fully_vaccinated,0,3,1483,0,NA,CHFL,COVID19Cases,vaccine,all,intermediate,2021-11-03_07-53-32
202136,unknown,partially_vaccinated,0,0,255,0,NA,CHFL,COVID19Cases,vaccine,all,intermediate,2021-11-03_07-53-32
202136,unknown,not_vaccinated,0,0,NA,NA,NA,CHFL,COVID19Cases,vaccine,all,intermediate,2021-11-03_07-53-32
202136,unknown,unknown,7,95,NA,NA,NA,CHFL,COVID19Cases,vaccine,all,intermediate,2021-11-03_07-53-32
202137,female,fully_vaccinated,128,1795,2539048,5.04,NA,CHFL,COVID19Cases,vaccine,all,intermediate,2021-11-03_07-53-32
202137,female,partially_vaccinated,28,458,240394,11.65,NA,CHFL,COVID19Cases,vaccine,all,intermediate,2021-11-03_07-53-32
202137,female,not_vaccinated,84,2656,1607946,5.22,NA,CHFL,COVID19Cases,vaccine,all,intermediate,2021-11-03_07-53-32
202137,female,unknown,6181,149519,NA,NA,NA,CHFL,COVID19Cases,vaccine,all,intermediate,2021-11-03_07-53-32
202137,male,fully_vaccinated,131,1511,2437773,5.37,NA,CHFL,COVID19Cases,vaccine,all,intermediate,2021-11-03_07-53-32
202137,male,partially_vaccinated,22,453,245847,8.95,NA,CHFL,COVID19Cases,vaccine,all,intermediate,2021-11-03_07-53-32
202137,male,not_vaccinated,112,3138,1638347,6.84,NA,CHFL,COVID19Cases,vaccine,all,intermediate,2021-11-03_07-53-32
202137,male,unknown,6058,149577,NA,NA,NA,CHFL,COVID19Cases,vaccine,all,intermediate,2021-11-03_07-53-32
202137,unknown,fully_vaccinated,0,3,1522,0,NA,CHFL,COVID19Cases,vaccine,all,intermediate,2021-11-03_07-53-32
202137,unknown,partially_vaccinated,0,0,305,0,NA,CHFL,COVID19Cases,vaccine,all,intermediate,2021-11-03_07-53-32
202137,unknown,not_vaccinated,0,0,NA,NA,NA,CHFL,COVID19Cases,vaccine,all,intermediate,2021-11-03_07-53-32
202137,unknown,unknown,5,100,NA,NA,NA,CHFL,COVID19Cases,vaccine,all,intermediate,2021-11-03_07-53-32
202138,female,fully_vaccinated,123,1918,2587435,4.75,NA,CHFL,COVID19Cases,vaccine,all,intermediate,2021-11-03_07-53-32
202138,female,partially_vaccinated,14,472,245436,5.7,NA,CHFL,COVID19Cases,vaccine,all,intermediate,2021-11-03_07-53-32
202138,female,not_vaccinated,69,2725,1554517,4.44,NA,CHFL,COVID19Cases,vaccine,all,intermediate,2021-11-03_07-53-32
202138,female,unknown,4480,153999,NA,NA,NA,CHFL,COVID19Cases,vaccine,all,intermediate,2021-11-03_07-53-32
202138,male,fully_vaccinated,102,1613,2485953,4.1,NA,CHFL,COVID19Cases,vaccine,all,intermediate,2021-11-03_07-53-32
202138,male,partially_vaccinated,17,470,255673,6.65,NA,CHFL,COVID19Cases,vaccine,all,intermediate,2021-11-03_07-53-32
202138,male,not_vaccinated,75,3213,1580341,4.75,NA,CHFL,COVID19Cases,vaccine,all,intermediate,2021-11-03_07-53-32
202138,male,unknown,4463,154040,NA,NA,NA,CHFL,COVID19Cases,vaccine,all,intermediate,2021-11-03_07-53-32
202138,unknown,fully_vaccinated,0,3,1563,0,NA,CHFL,COVID19Cases,vaccine,all,intermediate,2021-11-03_07-53-32
202138,unknown,partially_vaccinated,0,0,316,0,NA,CHFL,COVID19Cases,vaccine,all,intermediate,2021-11-03_07-53-32
202138,unknown,not_vaccinated,1,1,NA,NA,NA,CHFL,COVID19Cases,vaccine,all,intermediate,2021-11-03_07-53-32
202138,unknown,unknown,4,104,NA,NA,NA,CHFL,COVID19Cases,vaccine,all,intermediate,2021-11-03_07-53-32
202139,female,fully_vaccinated,113,2031,2637782,4.28,NA,CHFL,COVID19Cases,vaccine,all,intermediate,2021-11-03_07-53-32
202139,female,partially_vaccinated,11,483,230028,4.78,NA,CHFL,COVID19Cases,vaccine,all,intermediate,2021-11-03_07-53-32
202139,female,not_vaccinated,52,2777,1519578,3.42,NA,CHFL,COVID19Cases,vaccine,all,intermediate,2021-11-03_07-53-32
202139,female,unknown,3818,157817,NA,NA,NA,CHFL,COVID19Cases,vaccine,all,intermediate,2021-11-03_07-53-32
202139,male,fully_vaccinated,80,1693,2536056,3.15,NA,CHFL,COVID19Cases,vaccine,all,intermediate,2021-11-03_07-53-32
202139,male,partially_vaccinated,14,484,242051,5.78,NA,CHFL,COVID19Cases,vaccine,all,intermediate,2021-11-03_07-53-32
202139,male,not_vaccinated,46,3259,1543860,2.98,NA,CHFL,COVID19Cases,vaccine,all,intermediate,2021-11-03_07-53-32
202139,male,unknown,3506,157546,NA,NA,NA,CHFL,COVID19Cases,vaccine,all,intermediate,2021-11-03_07-53-32
202139,unknown,fully_vaccinated,0,3,1593,0,NA,CHFL,COVID19Cases,vaccine,all,intermediate,2021-11-03_07-53-32
202139,unknown,partially_vaccinated,0,0,321,0,NA,CHFL,COVID19Cases,vaccine,all,intermediate,2021-11-03_07-53-32
202139,unknown,not_vaccinated,0,1,NA,NA,NA,CHFL,COVID19Cases,vaccine,all,intermediate,2021-11-03_07-53-32
202139,unknown,unknown,1,105,NA,NA,NA,CHFL,COVID19Cases,vaccine,all,intermediate,2021-11-03_07-53-32
202140,female,fully_vaccinated,122,2153,2695081,4.53,NA,CHFL,COVID19Cases,vaccine,all,intermediate,2021-11-03_07-53-32
202140,female,partially_vaccinated,2,485,198299,1.01,NA,CHFL,COVID19Cases,vaccine,all,intermediate,2021-11-03_07-53-32
202140,female,not_vaccinated,55,2832,1494008,3.68,NA,CHFL,COVID19Cases,vaccine,all,intermediate,2021-11-03_07-53-32
202140,female,unknown,3089,160906,NA,NA,NA,CHFL,COVID19Cases,vaccine,all,intermediate,2021-11-03_07-53-32
202140,male,fully_vaccinated,93,1786,2596969,3.58,NA,CHFL,COVID19Cases,vaccine,all,intermediate,2021-11-03_07-53-32
202140,male,partially_vaccinated,9,493,208052,4.33,NA,CHFL,COVID19Cases,vaccine,all,intermediate,2021-11-03_07-53-32
202140,male,not_vaccinated,44,3303,1516946,2.9,NA,CHFL,COVID19Cases,vaccine,all,intermediate,2021-11-03_07-53-32
202140,male,unknown,2958,160504,NA,NA,NA,CHFL,COVID19Cases,vaccine,all,intermediate,2021-11-03_07-53-32
202140,unknown,fully_vaccinated,1,4,1687,59.28,NA,CHFL,COVID19Cases,vaccine,all,intermediate,2021-11-03_07-53-32
202140,unknown,partially_vaccinated,0,0,258,0,NA,CHFL,COVID19Cases,vaccine,all,intermediate,2021-11-03_07-53-32
202140,unknown,not_vaccinated,0,1,NA,NA,NA,CHFL,COVID19Cases,vaccine,all,intermediate,2021-11-03_07-53-32
202140,unknown,unknown,0,105,NA,NA,NA,CHFL,COVID19Cases,vaccine,all,intermediate,2021-11-03_07-53-32
202141,female,fully_vaccinated,94,2247,2757831,3.41,NA,CHFL,COVID19Cases,vaccine,all,intermediate,2021-11-03_07-53-32
202141,female,partially_vaccinated,5,490,158164,3.16,NA,CHFL,COVID19Cases,vaccine,all,intermediate,2021-11-03_07-53-32
202141,female,not_vaccinated,47,2879,1471393,3.19,NA,CHFL,COVID19Cases,vaccine,all,intermediate,2021-11-03_07-53-32
202141,female,unknown,3249,164155,NA,NA,NA,CHFL,COVID19Cases,vaccine,all,intermediate,2021-11-03_07-53-32
202141,male,fully_vaccinated,76,1862,2666320,2.85,NA,CHFL,COVID19Cases,vaccine,all,intermediate,2021-11-03_07-53-32
202141,male,partially_vaccinated,4,497,163368,2.45,NA,CHFL,COVID19Cases,vaccine,all,intermediate,2021-11-03_07-53-32
202141,male,not_vaccinated,43,3346,1492279,2.88,NA,CHFL,COVID19Cases,vaccine,all,intermediate,2021-11-03_07-53-32
202141,male,unknown,2919,163423,NA,NA,NA,CHFL,COVID19Cases,vaccine,all,intermediate,2021-11-03_07-53-32
202141,unknown,fully_vaccinated,0,4,1746,0,NA,CHFL,COVID19Cases,vaccine,all,intermediate,2021-11-03_07-53-32
202141,unknown,partially_vaccinated,0,0,239,0,NA,CHFL,COVID19Cases,vaccine,all,intermediate,2021-11-03_07-53-32
202141,unknown,not_vaccinated,0,1,NA,NA,NA,CHFL,COVID19Cases,vaccine,all,intermediate,2021-11-03_07-53-32
202141,unknown,unknown,3,108,NA,NA,NA,CHFL,COVID19Cases,vaccine,all,intermediate,2021-11-03_07-53-32
202142,female,fully_vaccinated,85,2332,2811131,3.02,NA,CHFL,COVID19Cases,vaccine,all,intermediate,2021-11-03_07-53-32
202142,female,partially_vaccinated,1,491,122999,0.81,NA,CHFL,COVID19Cases,vaccine,all,intermediate,2021-11-03_07-53-32
202142,female,not_vaccinated,42,2921,1453258,2.89,NA,CHFL,COVID19Cases,vaccine,all,intermediate,2021-11-03_07-53-32
202142,female,unknown,4355,168510,NA,NA,NA,CHFL,COVID19Cases,vaccine,all,intermediate,2021-11-03_07-53-32
202142,male,fully_vaccinated,95,1957,2725041,3.49,NA,CHFL,COVID19Cases,vaccine,all,intermediate,2021-11-03_07-53-32
202142,male,partially_vaccinated,5,502,124070,4.03,NA,CHFL,COVID19Cases,vaccine,all,intermediate,2021-11-03_07-53-32
202142,male,not_vaccinated,46,3392,1472856,3.12,NA,CHFL,COVID19Cases,vaccine,all,intermediate,2021-11-03_07-53-32
202142,male,unknown,4094,167517,NA,NA,NA,CHFL,COVID19Cases,vaccine,all,intermediate,2021-11-03_07-53-32
202142,unknown,fully_vaccinated,0,4,1785,0,NA,CHFL,COVID19Cases,vaccine,all,intermediate,2021-11-03_07-53-32
202142,unknown,partially_vaccinated,0,0,219,0,NA,CHFL,COVID19Cases,vaccine,all,intermediate,2021-11-03_07-53-32
202142,unknown,not_vaccinated,0,1,NA,NA,NA,CHFL,COVID19Cases,vaccine,all,intermediate,2021-11-03_07-53-32
202142,unknown,unknown,4,112,NA,NA,NA,CHFL,COVID19Cases,vaccine,all,intermediate,2021-11-03_07-53-32
202143,female,fully_vaccinated,50,2382,2847088,1.76,NA,CHFL,COVID19Cases,vaccine,all,intermediate,2021-11-03_07-53-32
202143,female,partially_vaccinated,1,492,101007,0.99,NA,CHFL,COVID19Cases,vaccine,all,intermediate,2021-11-03_07-53-32
202143,female,not_vaccinated,42,2963,1439293,2.92,NA,CHFL,COVID19Cases,vaccine,all,intermediate,2021-11-03_07-53-32
202143,female,unknown,5816,174326,NA,NA,NA,CHFL,COVID19Cases,vaccine,all,intermediate,2021-11-03_07-53-32
202143,male,fully_vaccinated,55,2012,2764073,1.99,NA,CHFL,COVID19Cases,vaccine,all,intermediate,2021-11-03_07-53-32
202143,male,partially_vaccinated,4,506,99679,4.01,NA,CHFL,COVID19Cases,vaccine,all,intermediate,2021-11-03_07-53-32
202143,male,not_vaccinated,51,3443,1458215,3.5,NA,CHFL,COVID19Cases,vaccine,all,intermediate,2021-11-03_07-53-32
202143,male,unknown,5516,173033,NA,NA,NA,CHFL,COVID19Cases,vaccine,all,intermediate,2021-11-03_07-53-32
202143,unknown,fully_vaccinated,0,4,1829,0,NA,CHFL,COVID19Cases,vaccine,all,intermediate,2021-11-03_07-53-32
202143,unknown,partially_vaccinated,0,0,188,0,NA,CHFL,COVID19Cases,vaccine,all,intermediate,2021-11-03_07-53-32
202143,unknown,not_vaccinated,0,1,NA,NA,NA,CHFL,COVID19Cases,vaccine,all,intermediate,2021-11-03_07-53-32
202143,unknown,unknown,6,118,NA,NA,NA,CHFL,COVID19Cases,vaccine,all,intermediate,2021-11-03_07-53-32
202104,all,fully_vaccinated,1,1,15356,6.51,NA,CHFL,COVID19Cases,vaccine,all,limited,2021-11-03_07-53-32
202104,all,partially_vaccinated,8,8,277731,2.88,NA,CHFL,COVID19Cases,vaccine,all,limited,2021-11-03_07-53-32
202104,all,not_vaccinated,107,107,8416268,1.27,NA,CHFL,COVID19Cases,vaccine,all,limited,2021-11-03_07-53-32
202104,all,unknown,7084,7084,NA,NA,NA,CHFL,COVID19Cases,vaccine,all,limited,2021-11-03_07-53-32
202105,all,fully_vaccinated,3,4,46842,6.4,NA,CHFL,COVID19Cases,vaccine,all,limited,2021-11-03_07-53-32
202105,all,partially_vaccinated,29,37,314716,9.21,NA,CHFL,COVID19Cases,vaccine,all,limited,2021-11-03_07-53-32
202105,all,not_vaccinated,170,277,8347797,2.04,NA,CHFL,COVID19Cases,vaccine,all,limited,2021-11-03_07-53-32
202105,all,unknown,9884,16968,NA,NA,NA,CHFL,COVID19Cases,vaccine,all,limited,2021-11-03_07-53-32
202106,all,fully_vaccinated,2,6,103150,1.94,NA,CHFL,COVID19Cases,vaccine,all,limited,2021-11-03_07-53-32
202106,all,partially_vaccinated,31,68,336052,9.22,NA,CHFL,COVID19Cases,vaccine,all,limited,2021-11-03_07-53-32
202106,all,not_vaccinated,157,434,8270153,1.9,NA,CHFL,COVID19Cases,vaccine,all,limited,2021-11-03_07-53-32
202106,all,unknown,7690,24658,NA,NA,NA,CHFL,COVID19Cases,vaccine,all,limited,2021-11-03_07-53-32
202107,all,fully_vaccinated,7,13,175431,3.99,NA,CHFL,COVID19Cases,vaccine,all,limited,2021-11-03_07-53-32
202107,all,partially_vaccinated,25,93,322454,7.75,NA,CHFL,COVID19Cases,vaccine,all,limited,2021-11-03_07-53-32
202107,all,not_vaccinated,131,565,8211470,1.6,NA,CHFL,COVID19Cases,vaccine,all,limited,2021-11-03_07-53-32
202107,all,unknown,6817,31475,NA,NA,NA,CHFL,COVID19Cases,vaccine,all,limited,2021-11-03_07-53-32
202108,all,fully_vaccinated,13,26,265386,4.9,NA,CHFL,COVID19Cases,vaccine,all,limited,2021-11-03_07-53-32
202108,all,partially_vaccinated,22,115,281087,7.83,NA,CHFL,COVID19Cases,vaccine,all,limited,2021-11-03_07-53-32
202108,all,not_vaccinated,156,721,8162882,1.91,NA,CHFL,COVID19Cases,vaccine,all,limited,2021-11-03_07-53-32
202108,all,unknown,7050,38525,NA,NA,NA,CHFL,COVID19Cases,vaccine,all,limited,2021-11-03_07-53-32
202109,all,fully_vaccinated,8,34,342137,2.34,NA,CHFL,COVID19Cases,vaccine,all,limited,2021-11-03_07-53-32
202109,all,partially_vaccinated,20,135,279522,7.16,NA,CHFL,COVID19Cases,vaccine,all,limited,2021-11-03_07-53-32
202109,all,not_vaccinated,146,867,8087696,1.81,NA,CHFL,COVID19Cases,vaccine,all,limited,2021-11-03_07-53-32
202109,all,unknown,7420,45945,NA,NA,NA,CHFL,COVID19Cases,vaccine,all,limited,2021-11-03_07-53-32
202110,all,fully_vaccinated,24,58,404372,5.94,NA,CHFL,COVID19Cases,vaccine,all,limited,2021-11-03_07-53-32
202110,all,partially_vaccinated,16,151,307307,5.21,NA,CHFL,COVID19Cases,vaccine,all,limited,2021-11-03_07-53-32
202110,all,not_vaccinated,168,1035,7997676,2.1,NA,CHFL,COVID19Cases,vaccine,all,limited,2021-11-03_07-53-32
202110,all,unknown,8596,54541,NA,NA,NA,CHFL,COVID19Cases,vaccine,all,limited,2021-11-03_07-53-32
202111,all,fully_vaccinated,28,86,478159,5.86,NA,CHFL,COVID19Cases,vaccine,all,limited,2021-11-03_07-53-32
202111,all,partially_vaccinated,21,172,311247,6.75,NA,CHFL,COVID19Cases,vaccine,all,limited,2021-11-03_07-53-32
202111,all,not_vaccinated,203,1238,7919949,2.56,NA,CHFL,COVID19Cases,vaccine,all,limited,2021-11-03_07-53-32
202111,all,unknown,10257,64798,NA,NA,NA,CHFL,COVID19Cases,vaccine,all,limited,2021-11-03_07-53-32
202112,all,fully_vaccinated,27,113,547588,4.93,NA,CHFL,COVID19Cases,vaccine,all,limited,2021-11-03_07-53-32
202112,all,partially_vaccinated,11,183,355494,3.09,NA,CHFL,COVID19Cases,vaccine,all,limited,2021-11-03_07-53-32
202112,all,not_vaccinated,266,1504,7806273,3.41,NA,CHFL,COVID19Cases,vaccine,all,limited,2021-11-03_07-53-32
202112,all,unknown,12263,77061,NA,NA,NA,CHFL,COVID19Cases,vaccine,all,limited,2021-11-03_07-53-32
202113,all,fully_vaccinated,42,155,614198,6.84,NA,CHFL,COVID19Cases,vaccine,all,limited,2021-11-03_07-53-32
202113,all,partially_vaccinated,17,200,398140,4.27,NA,CHFL,COVID19Cases,vaccine,all,limited,2021-11-03_07-53-32
202113,all,not_vaccinated,264,1768,7697017,3.43,NA,CHFL,COVID19Cases,vaccine,all,limited,2021-11-03_07-53-32
202113,all,unknown,11999,89060,NA,NA,NA,CHFL,COVID19Cases,vaccine,all,limited,2021-11-03_07-53-32
202114,all,fully_vaccinated,43,198,701909,6.13,NA,CHFL,COVID19Cases,vaccine,all,limited,2021-11-03_07-53-32
202114,all,partially_vaccinated,29,229,434751,6.67,NA,CHFL,COVID19Cases,vaccine,all,limited,2021-11-03_07-53-32
202114,all,not_vaccinated,254,2022,7572695,3.35,NA,CHFL,COVID19Cases,vaccine,all,limited,2021-11-03_07-53-32
202114,all,unknown,13870,102930,NA,NA,NA,CHFL,COVID19Cases,vaccine,all,limited,2021-11-03_07-53-32
202115,all,fully_vaccinated,45,243,787223,5.72,NA,CHFL,COVID19Cases,vaccine,all,limited,2021-11-03_07-53-32
202115,all,partially_vaccinated,26,255,562367,4.62,NA,CHFL,COVID19Cases,vaccine,all,limited,2021-11-03_07-53-32
202115,all,not_vaccinated,283,2305,7359765,3.85,NA,CHFL,COVID19Cases,vaccine,all,limited,2021-11-03_07-53-32
202115,all,unknown,13796,116726,NA,NA,NA,CHFL,COVID19Cases,vaccine,all,limited,2021-11-03_07-53-32
202116,all,fully_vaccinated,45,288,897872,5.01,NA,CHFL,COVID19Cases,vaccine,all,limited,2021-11-03_07-53-32
202116,all,partially_vaccinated,43,298,713162,6.03,NA,CHFL,COVID19Cases,vaccine,all,limited,2021-11-03_07-53-32
202116,all,not_vaccinated,296,2601,7098321,4.17,NA,CHFL,COVID19Cases,vaccine,all,limited,2021-11-03_07-53-32
202116,all,unknown,14197,130923,NA,NA,NA,CHFL,COVID19Cases,vaccine,all,limited,2021-11-03_07-53-32
202117,all,fully_vaccinated,48,336,1006174,4.77,NA,CHFL,COVID19Cases,vaccine,all,limited,2021-11-03_07-53-32
202117,all,partially_vaccinated,49,347,891944,5.49,NA,CHFL,COVID19Cases,vaccine,all,limited,2021-11-03_07-53-32
202117,all,not_vaccinated,192,2793,6811237,2.82,NA,CHFL,COVID19Cases,vaccine,all,limited,2021-11-03_07-53-32
202117,all,unknown,11636,142559,NA,NA,NA,CHFL,COVID19Cases,vaccine,all,limited,2021-11-03_07-53-32
202118,all,fully_vaccinated,36,372,1143173,3.15,NA,CHFL,COVID19Cases,vaccine,all,limited,2021-11-03_07-53-32
202118,all,partially_vaccinated,39,386,1080010,3.61,NA,CHFL,COVID19Cases,vaccine,all,limited,2021-11-03_07-53-32
202118,all,not_vaccinated,176,2969,6486172,2.71,NA,CHFL,COVID19Cases,vaccine,all,limited,2021-11-03_07-53-32
202118,all,unknown,10079,152638,NA,NA,NA,CHFL,COVID19Cases,vaccine,all,limited,2021-11-03_07-53-32
202119,all,fully_vaccinated,26,398,1334637,1.95,NA,CHFL,COVID19Cases,vaccine,all,limited,2021-11-03_07-53-32
202119,all,partially_vaccinated,26,412,1176163,2.21,NA,CHFL,COVID19Cases,vaccine,all,limited,2021-11-03_07-53-32
202119,all,not_vaccinated,128,3097,6198555,2.06,NA,CHFL,COVID19Cases,vaccine,all,limited,2021-11-03_07-53-32
202119,all,unknown,7673,160311,NA,NA,NA,CHFL,COVID19Cases,vaccine,all,limited,2021-11-03_07-53-32
202120,all,fully_vaccinated,39,437,1599999,2.44,NA,CHFL,COVID19Cases,vaccine,all,limited,2021-11-03_07-53-32
202120,all,partially_vaccinated,23,435,1229774,1.87,NA,CHFL,COVID19Cases,vaccine,all,limited,2021-11-03_07-53-32
202120,all,not_vaccinated,125,3222,5879582,2.13,NA,CHFL,COVID19Cases,vaccine,all,limited,2021-11-03_07-53-32
202120,all,unknown,7168,167479,NA,NA,NA,CHFL,COVID19Cases,vaccine,all,limited,2021-11-03_07-53-32
202121,all,fully_vaccinated,35,472,1875300,1.87,NA,CHFL,COVID19Cases,vaccine,all,limited,2021-11-03_07-53-32
202121,all,partially_vaccinated,15,450,1248910,1.2,NA,CHFL,COVID19Cases,vaccine,all,limited,2021-11-03_07-53-32
202121,all,not_vaccinated,78,3300,5585145,1.4,NA,CHFL,COVID19Cases,vaccine,all,limited,2021-11-03_07-53-32
202121,all,unknown,4991,172470,NA,NA,NA,CHFL,COVID19Cases,vaccine,all,limited,2021-11-03_07-53-32
202122,all,fully_vaccinated,24,496,2188542,1.1,NA,CHFL,COVID19Cases,vaccine,all,limited,2021-11-03_07-53-32
202122,all,partially_vaccinated,10,460,1275298,0.78,NA,CHFL,COVID19Cases,vaccine,all,limited,2021-11-03_07-53-32
202122,all,not_vaccinated,59,3359,5245515,1.12,NA,CHFL,COVID19Cases,vaccine,all,limited,2021-11-03_07-53-32
202122,all,unknown,3432,175902,NA,NA,NA,CHFL,COVID19Cases,vaccine,all,limited,2021-11-03_07-53-32
202123,all,fully_vaccinated,30,526,2495519,1.2,NA,CHFL,COVID19Cases,vaccine,all,limited,2021-11-03_07-53-32
202123,all,partially_vaccinated,14,474,1325182,1.06,NA,CHFL,COVID19Cases,vaccine,all,limited,2021-11-03_07-53-32
202123,all,not_vaccinated,28,3387,4888654,0.57,NA,CHFL,COVID19Cases,vaccine,all,limited,2021-11-03_07-53-32
202123,all,unknown,2244,178146,NA,NA,NA,CHFL,COVID19Cases,vaccine,all,limited,2021-11-03_07-53-32
202124,all,fully_vaccinated,14,540,2810277,0.5,NA,CHFL,COVID19Cases,vaccine,all,limited,2021-11-03_07-53-32
202124,all,partially_vaccinated,6,480,1321055,0.45,NA,CHFL,COVID19Cases,vaccine,all,limited,2021-11-03_07-53-32
202124,all,not_vaccinated,18,3405,4578023,0.39,NA,CHFL,COVID19Cases,vaccine,all,limited,2021-11-03_07-53-32
202124,all,unknown,1202,179348,NA,NA,NA,CHFL,COVID19Cases,vaccine,all,limited,2021-11-03_07-53-32
202125,all,fully_vaccinated,8,548,3118401,0.26,NA,CHFL,COVID19Cases,vaccine,all,limited,2021-11-03_07-53-32
202125,all,partially_vaccinated,4,484,1245266,0.32,NA,CHFL,COVID19Cases,vaccine,all,limited,2021-11-03_07-53-32
202125,all,not_vaccinated,13,3418,4345688,0.3,NA,CHFL,COVID19Cases,vaccine,all,limited,2021-11-03_07-53-32
202125,all,unknown,725,180073,NA,NA,NA,CHFL,COVID19Cases,vaccine,all,limited,2021-11-03_07-53-32
202126,all,fully_vaccinated,10,558,3452655,0.29,NA,CHFL,COVID19Cases,vaccine,all,intermediate,2021-11-03_07-53-32
202126,all,partially_vaccinated,4,488,1039403,0.38,NA,CHFL,COVID19Cases,vaccine,all,intermediate,2021-11-03_07-53-32
202126,all,not_vaccinated,13,3431,4217297,0.31,NA,CHFL,COVID19Cases,vaccine,all,intermediate,2021-11-03_07-53-32
202126,all,unknown,1010,181083,NA,NA,NA,CHFL,COVID19Cases,vaccine,all,intermediate,2021-11-03_07-53-32
202127,all,fully_vaccinated,32,590,3788751,0.84,NA,CHFL,COVID19Cases,vaccine,all,intermediate,2021-11-03_07-53-32
202127,all,partially_vaccinated,6,494,790412,0.76,NA,CHFL,COVID19Cases,vaccine,all,intermediate,2021-11-03_07-53-32
202127,all,not_vaccinated,25,3456,4130192,0.61,NA,CHFL,COVID19Cases,vaccine,all,intermediate,2021-11-03_07-53-32
202127,all,unknown,1997,183080,NA,NA,NA,CHFL,COVID19Cases,vaccine,all,intermediate,2021-11-03_07-53-32
202128,all,fully_vaccinated,56,646,4085539,1.37,NA,CHFL,COVID19Cases,vaccine,all,intermediate,2021-11-03_07-53-32
202128,all,partially_vaccinated,11,505,568750,1.93,NA,CHFL,COVID19Cases,vaccine,all,intermediate,2021-11-03_07-53-32
202128,all,not_vaccinated,56,3512,4055066,1.38,NA,CHFL,COVID19Cases,vaccine,all,intermediate,2021-11-03_07-53-32
202128,all,unknown,3686,186766,NA,NA,NA,CHFL,COVID19Cases,vaccine,all,intermediate,2021-11-03_07-53-32
202129,all,fully_vaccinated,105,751,4314126,2.43,NA,CHFL,COVID19Cases,vaccine,all,intermediate,2021-11-03_07-53-32
202129,all,partially_vaccinated,15,520,411320,3.65,NA,CHFL,COVID19Cases,vaccine,all,intermediate,2021-11-03_07-53-32
202129,all,not_vaccinated,61,3573,3983909,1.53,NA,CHFL,COVID19Cases,vaccine,all,intermediate,2021-11-03_07-53-32
202129,all,unknown,4786,191552,NA,NA,NA,CHFL,COVID19Cases,vaccine,all,intermediate,2021-11-03_07-53-32
202130,all,fully_vaccinated,149,900,4439821,3.36,NA,CHFL,COVID19Cases,vaccine,all,intermediate,2021-11-03_07-53-32
202130,all,partially_vaccinated,25,545,352583,7.09,NA,CHFL,COVID19Cases,vaccine,all,intermediate,2021-11-03_07-53-32
202130,all,not_vaccinated,109,3682,3916951,2.78,NA,CHFL,COVID19Cases,vaccine,all,intermediate,2021-11-03_07-53-32
202130,all,unknown,4980,196532,NA,NA,NA,CHFL,COVID19Cases,vaccine,all,intermediate,2021-11-03_07-53-32
202131,all,fully_vaccinated,229,1129,4526428,5.06,NA,CHFL,COVID19Cases,vaccine,all,intermediate,2021-11-03_07-53-32
202131,all,partially_vaccinated,30,575,320607,9.36,NA,CHFL,COVID19Cases,vaccine,all,intermediate,2021-11-03_07-53-32
202131,all,not_vaccinated,186,3868,3862320,4.82,NA,CHFL,COVID19Cases,vaccine,all,intermediate,2021-11-03_07-53-32
202131,all,unknown,7189,203721,NA,NA,NA,CHFL,COVID19Cases,vaccine,all,intermediate,2021-11-03_07-53-32
202132,all,fully_vaccinated,349,1478,4603569,7.58,NA,CHFL,COVID19Cases,vaccine,all,intermediate,2021-11-03_07-53-32
202132,all,partially_vaccinated,47,622,307055,15.31,NA,CHFL,COVID19Cases,vaccine,all,intermediate,2021-11-03_07-53-32
202132,all,not_vaccinated,367,4235,3798731,9.66,NA,CHFL,COVID19Cases,vaccine,all,intermediate,2021-11-03_07-53-32
202132,all,unknown,13447,217168,NA,NA,NA,CHFL,COVID19Cases,vaccine,all,intermediate,2021-11-03_07-53-32
202133,all,fully_vaccinated,432,1910,4680329,9.23,NA,CHFL,COVID19Cases,vaccine,all,intermediate,2021-11-03_07-53-32
202133,all,partially_vaccinated,78,700,303853,25.67,NA,CHFL,COVID19Cases,vaccine,all,intermediate,2021-11-03_07-53-32
202133,all,not_vaccinated,418,4653,3725173,11.22,NA,CHFL,COVID19Cases,vaccine,all,intermediate,2021-11-03_07-53-32
202133,all,unknown,17087,234255,NA,NA,NA,CHFL,COVID19Cases,vaccine,all,intermediate,2021-11-03_07-53-32
202134,all,fully_vaccinated,379,2289,4755301,7.97,NA,CHFL,COVID19Cases,vaccine,all,intermediate,2021-11-03_07-53-32
202134,all,partially_vaccinated,59,759,322212,18.31,NA,CHFL,COVID19Cases,vaccine,all,intermediate,2021-11-03_07-53-32
202134,all,not_vaccinated,380,5033,3631842,10.46,NA,CHFL,COVID19Cases,vaccine,all,intermediate,2021-11-03_07-53-32
202134,all,unknown,17105,251360,NA,NA,NA,CHFL,COVID19Cases,vaccine,all,intermediate,2021-11-03_07-53-32
202135,all,fully_vaccinated,399,2688,4817164,8.28,NA,CHFL,COVID19Cases,vaccine,all,intermediate,2021-11-03_07-53-32
202135,all,partially_vaccinated,52,811,363415,14.31,NA,CHFL,COVID19Cases,vaccine,all,intermediate,2021-11-03_07-53-32
202135,all,not_vaccinated,302,5335,3528776,8.56,NA,CHFL,COVID19Cases,vaccine,all,intermediate,2021-11-03_07-53-32
202135,all,unknown,18078,269438,NA,NA,NA,CHFL,COVID19Cases,vaccine,all,intermediate,2021-11-03_07-53-32
202136,all,fully_vaccinated,362,3050,4889665,7.4,NA,CHFL,COVID19Cases,vaccine,all,intermediate,2021-11-03_07-53-32
202136,all,partially_vaccinated,50,861,424530,11.78,NA,CHFL,COVID19Cases,vaccine,all,intermediate,2021-11-03_07-53-32
202136,all,not_vaccinated,263,5598,3395160,7.75,NA,CHFL,COVID19Cases,vaccine,all,intermediate,2021-11-03_07-53-32
202136,all,unknown,17514,286952,NA,NA,NA,CHFL,COVID19Cases,vaccine,all,intermediate,2021-11-03_07-53-32
202137,all,fully_vaccinated,259,3309,4978343,5.2,NA,CHFL,COVID19Cases,vaccine,all,intermediate,2021-11-03_07-53-32
202137,all,partially_vaccinated,50,911,486546,10.28,NA,CHFL,COVID19Cases,vaccine,all,intermediate,2021-11-03_07-53-32
202137,all,not_vaccinated,196,5794,3244466,6.04,NA,CHFL,COVID19Cases,vaccine,all,intermediate,2021-11-03_07-53-32
202137,all,unknown,12244,299196,NA,NA,NA,CHFL,COVID19Cases,vaccine,all,intermediate,2021-11-03_07-53-32
202138,all,fully_vaccinated,225,3534,5074951,4.43,NA,CHFL,COVID19Cases,vaccine,all,intermediate,2021-11-03_07-53-32
202138,all,partially_vaccinated,31,942,501425,6.18,NA,CHFL,COVID19Cases,vaccine,all,intermediate,2021-11-03_07-53-32
202138,all,not_vaccinated,145,5939,3132979,4.63,NA,CHFL,COVID19Cases,vaccine,all,intermediate,2021-11-03_07-53-32
202138,all,unknown,8947,308143,NA,NA,NA,CHFL,COVID19Cases,vaccine,all,intermediate,2021-11-03_07-53-32
202139,all,fully_vaccinated,193,3727,5175431,3.73,NA,CHFL,COVID19Cases,vaccine,all,intermediate,2021-11-03_07-53-32
202139,all,partially_vaccinated,25,967,472400,5.29,NA,CHFL,COVID19Cases,vaccine,all,intermediate,2021-11-03_07-53-32
202139,all,not_vaccinated,98,6037,3061524,3.2,NA,CHFL,COVID19Cases,vaccine,all,intermediate,2021-11-03_07-53-32
202139,all,unknown,7325,315468,NA,NA,NA,CHFL,COVID19Cases,vaccine,all,intermediate,2021-11-03_07-53-32
202140,all,fully_vaccinated,216,3943,5293737,4.08,NA,CHFL,COVID19Cases,vaccine,all,intermediate,2021-11-03_07-53-32
202140,all,partially_vaccinated,11,978,406609,2.71,NA,CHFL,COVID19Cases,vaccine,all,intermediate,2021-11-03_07-53-32
202140,all,not_vaccinated,99,6136,3009009,3.29,NA,CHFL,COVID19Cases,vaccine,all,intermediate,2021-11-03_07-53-32
202140,all,unknown,6047,321515,NA,NA,NA,CHFL,COVID19Cases,vaccine,all,intermediate,2021-11-03_07-53-32
202141,all,fully_vaccinated,170,4113,5425897,3.13,NA,CHFL,COVID19Cases,vaccine,all,intermediate,2021-11-03_07-53-32
202141,all,partially_vaccinated,9,987,321771,2.8,NA,CHFL,COVID19Cases,vaccine,all,intermediate,2021-11-03_07-53-32
202141,all,not_vaccinated,90,6226,2961687,3.04,NA,CHFL,COVID19Cases,vaccine,all,intermediate,2021-11-03_07-53-32
202141,all,unknown,6171,327686,NA,NA,NA,CHFL,COVID19Cases,vaccine,all,intermediate,2021-11-03_07-53-32
202142,all,fully_vaccinated,180,4293,5537957,3.25,NA,CHFL,COVID19Cases,vaccine,all,intermediate,2021-11-03_07-53-32
202142,all,partially_vaccinated,6,993,247288,2.43,NA,CHFL,COVID19Cases,vaccine,all,intermediate,2021-11-03_07-53-32
202142,all,not_vaccinated,88,6314,2924110,3.01,NA,CHFL,COVID19Cases,vaccine,all,intermediate,2021-11-03_07-53-32
202142,all,unknown,8453,336139,NA,NA,NA,CHFL,COVID19Cases,vaccine,all,intermediate,2021-11-03_07-53-32
202143,all,fully_vaccinated,105,4398,5612990,1.87,NA,CHFL,COVID19Cases,vaccine,all,intermediate,2021-11-03_07-53-32
202143,all,partially_vaccinated,5,998,200874,2.49,NA,CHFL,COVID19Cases,vaccine,all,intermediate,2021-11-03_07-53-32
202143,all,not_vaccinated,93,6407,2895491,3.21,NA,CHFL,COVID19Cases,vaccine,all,intermediate,2021-11-03_07-53-32
202143,all,unknown,11338,347477,NA,NA,NA,CHFL,COVID19Cases,vaccine,all,intermediate,2021-11-03_07-53-32